AARES,10480,10065
AMELSA,10017,10409
AGBAS,10273,10233
CLTRSA,10459,11763
CGAIE,10288,13507
CMNDO,10445,11770
CPIFIA,10322,12994
AGBAS,10273,13902
AEBII,10250,12595
AAFAIA,10263,12725
CSPOAA,10275,13270
CFLOAA,10254,13890
OENS,10323,12869
CTIRAA,10289,12635
ASCHI,10158,10606
CLNUS,10264,14211
BENOXA,10473,10839
AABIS,10448,14236
CAANIA,10229,11365
BWTZI,10274,13759
CPLMI,10150,11869
CCORIA,10162,11517
BMIRS,10484,11038
AGULI,10008,10244
CGAIE,10288,13502
BMTZIA,10044,11026
BIDIAA,10187,10955
BFCISA,10487,10867
BDROI,10287,14321
CIENSA,10135,11688
CZNSIA,10295,12566
ACMBA,10332,14028
CNLKSA,10120,11838
CRARI,10076,11932
ACORIA,10458,10132
AAAPSA,10121,14377
BDROSA,10103,10796
CAENAA,10290,13349
MAII,10499,12279
CMATM,10298,12945
CNIAA,10305,11832
AOREI,10023,10465
CSENX,10248,11985
BPAYIA,10271,13389
CHLIA,10104,11660
CSUNI,10267,13176
THAR,10245,12454
CTBAA,10300,14186
THAR,10245,14009
BRDUAA,10244,11197
BEUIS,10387,10851
CLPTA,10335,13081
BIBEAA,10160,10964
CAANI,10432,11362
CDSISA,10212,11559
BPENS,10348,11167
COOGRA,10364,11848
THAR,10245,14004
BGEESA,10107,10911
BGEESA,10107,10914
CSDES,10329,14134
ACORIA,10458,10131
AOOSM,10032,10459
APINS,10352,10534
AERRO,10182,10191
BEUIS,10387,10853
CSENX,10248,13562
CMHOIA,10241,13476
BIIZIA,10312,14279
ADECSA,10174,10160
CVEGSA,10327,13186
CJIAEA,10310,13966
AAFAIA,10263,12729
CVRAS,10231,12119
CSUNI,10267,13173
CNIAA,10305,12895
ATEBA,10249,12791
CSENX,10248,13576
MAII,10499,12276
AAFAIA,10263,10023
ROAI,10405,12398
OENS,10323,12364
BRDUAA,10244,12695
CSPOAA,10275,12007
LITA,10149,12271
AOLE,10321,12615
APIOS,10388,10510
CPIFIA,10322,12985
ALLI,10399,10184
CBTTS,10385,11448
ATCASA,10341,10648
ATQUAA,10081,10644
BHELIA,10292,14309
CATESA,10481,11422
BNITSA,10303,13660
AADVIA,10482,10059
BPOLIA,10022,11157
GEAA,10226,12199
BIIZIA,10312,14288
CIULM,10257,14494
AAAPSA,10121,10061
BPETS,10266,13212
ATNTI,10251,12811
KEBI,10404,12258
AMLOSA,10344,10373
CCLEA,10324,13820
CDIAIA,10315,13038
CMTEEA,10151,11819
BNTHI,10431,11070
BCOGR,10331,10741
DYEI,10087,12183
BHLIA,10457,10926
CPLMI,10150,11868
VCUA,10281,12488
THAR,10245,13999
CYNGI,10011,12146
ABYRAA,10318,10070
ATCASA,10341,10645
BBSWI,10282,12909
CVEGSA,10327,13185
RGIA,10317,13874
CBNKI,10366,11477
AOATAA,10462,10442
CSTTA,10148,12032
GABR,10354,12200
AGBAS,10273,13905
CTIRAA,10289,12622
CJIAEA,10310,13976
SECI,10313,12440
AGPESA,10380,10227
CCZES,10285,13141
AMLLI,10157,10398
ASAPI,10422,10593
SMBI,10102,12417
MOIS,10336,14078
BMAUA,10258,13360
CIULM,10257,11701
CKHOAA,10224,11729
CAANI,10432,11364
RGIA,10317,13869
OUNS,10308,12937
CPIFIA,10322,12983
TMAE,10094,12445
BOENXA,10302,13417
ATEBA,10249,12789
BDESS,10314,12966
CSTAE,10039,11977
AABIS,10448,14226
CMATM,10298,12949
BVLLA,10066,11305
AGPESA,10380,10229
CPIFIA,10322,12997
CQSIRA,10053,14453
BBII,10243,11285
CVNSI,10304,13549
CGIEE,10005,11622
BTLES,10461,11249
CSENX,10248,13563
BPAUIA,10168,11120
BWIAI,10343,11325
CVERSA,10256,13328
CVERSA,10256,13330
NAPU,10386,12327
APLVS,10033,10487
CBNIIA,10042,11456
ICAS,10394,12230
ALOGRA,10056,10343
CYNGI,10011,12149
AHMOIA,10041,14399
AAAPSA,10121,14386
AOATAA,10462,10443
SOTS,10297,14273
MIES,10045,12315
CPMOAA,10278,12641
CIGS,10479,11379
CTNNIA,10279,12858
BOMES,10001,11107
CLNUS,10264,11757
THAR,10245,14007
AMLISA,10296,12533
GEAA,10226,12197
AENBI,10277,14368
AGBAS,10273,13912
AOTRSA,10199,10461
AMLISA,10296,10386
AEDEIA,10262,13420
CCSOAA,10294,11498
CTNNIA,10279,12064
RGIA,10317,13870
CTIRAA,10289,12058
ATEBA,10249,10620
AIHMSA,10207,10285
CDSISA,10212,11556
BRAPXA,10392,11190
CHNPNA,10374,11669
BHELIA,10292,10944
BVNGS,10068,11319
CGAIE,10288,13506
DTRS,10398,12173
SOTS,10297,14271
AAETAA,10470,10009
CPLANA,10195,11897
CAENAA,10290,11418
APAER,10259,10526
AAANI,10021,14343
BCYPS,10494,10775
AFRBIA,10301,13639
BSARS,10456,11225
CNCYE,10252,11821
AOTRSA,10199,10464
AENBI,10277,14362
CSETS,10171,12011
BVEGS,10180,11296
BQESR,10237,11186
AMLISA,10296,12526
CCENS,10463,11488
CBLLIA,10234,11474
AOOSM,10032,10455
BOFEA,10117,11085
BMTES,10106,11048
ASAPI,10422,10594
CVERSA,10256,13320
UGWS,10176,14457
FNQI,10170,12190
ASCHI,10158,10607
CCNASA,10246,11507
LITA,10149,12273
AKLIEA,10210,10311
CQSIRA,10053,14442
BWTZI,10274,13760
AUSIS,10471,10654
BPAYIA,10271,13385
CLPTA,10335,13094
CSPAS,10276,12559
AACIMA,10299,13127
BRIGSA,10240,13992
CJIAEA,10310,13970
BBSWI,10282,12905
ABOCIA,10423,10089
ABYRAA,10318,13005
APAER,10259,12710
AAAPSA,10121,14395
VCUA,10281,13848
ANNUS,10464,10411
KANS,10270,13954
APNDA,10055,10476
AGTISA,10328,13249
AGISAA,10054,10257
BNITSA,10303,13675
CMATM,10298,12940
CFLOAA,10254,13886
BNHOI,10451,11066
AMXIAA,10467,10368
BSULR,10228,11222
CAENAA,10290,13354
ASHUIA,10247,13290
CVERSA,10256,13324
AMXIAA,10467,10369
CMNDO,10445,11773
CCNASA,10246,13305
ATNTI,10251,12810
CTIRAA,10289,12639
AANES,10396,10003
CTBAA,10300,12047
AHCTIA,10397,10277
CCSOAA,10294,13439
BTELMA,10370,11253
BCBUIA,10100,10765
BIIZIA,10312,14290
OSTS,10425,12345
ASHUIA,10247,13297
CFSOS,10283,14112
SECI,10313,12443
BCTRAA,10367,10787
BWTZI,10274,13771
CPONSA,10167,11887
CTIRAA,10289,12620
ADURS,10286,13099
AFRBIA,10301,13649
MIES,10045,12319
BPAUIA,10168,11124
CEIUS,10382,11595
CGIEE,10005,11623
BSTISA,10306,11236
AMRIE,10401,10355
AACIMA,10299,10045
AMOSSA,10311,13692
CAYNSA,10452,11409
GNWI,10036,12205
AAFAIA,10263,12738
ACPBI,10350,10103
AAMMNA,10280,14240
BGUFSA,10034,10906
BIIZIA,10312,14294
CNCYE,10252,13922
ADLTIA,10002,10148
RGIA,10317,13875
AGBAS,10273,13913
CCNASA,10246,13315
CPNEI,10319,13779
MOIS,10336,14089
AABIS,10448,10042
AAMMNA,10280,14238
ACURSA,10307,13230
SECI,10313,13063
AFIAS,10122,10201
AACIMA,10299,13138
CRUSR,10238,11951
CSLIEA,10030,11963
CSPAS,10276,12546
BCVEAA,10368,10760
CVNSI,10304,13539
OUNS,10308,12925
BSTISA,10306,12778
AERRO,10182,10193
CSMUSA,10233,12000
CAOESA,10309,14156
BBATE,10293,13634
BXOPS,10269,13597
AFRBIA,10301,13640
TECS,10351,12462
BOFEA,10117,11089
BDESS,10314,12979
AHMOIA,10041,14413
CBSSIA,10325,12757
CRARI,10076,11930
AGTISA,10328,13248
AOLE,10321,12612
OENS,10323,12862
AEBII,10250,12599
CTBAA,10300,14188
CMXIA,10200,11785
CCLEA,10324,13830
CSSOS,10178,12016
ATALAA,10455,10625
AHCTIA,10397,10275
CKNSIA,10155,11733
CDLIIA,10192,11540
ATNTI,10251,12802
CSENX,10248,13572
OENS,10323,12860
AACIMA,10299,13121
AOLE,10321,12606
AEBII,10250,12592
ADURS,10286,13114
CAENAA,10290,13345
JOSI,10347,12240
LLAR,10253,13739
CUTRAA,10272,13724
ACORIA,10458,10134
BAISA,10140,10690
CBEAI,10010,11450
OENS,10323,12879
OUNS,10308,12927
BCIGAA,10198,10724
BVEGS,10180,11295
BCOGR,10331,12518
HLVM,10009,12221
BNITSA,10303,13676
ATKEAA,10050,10635
CIULM,10257,14481
GOUS,10016,12211
CDIR,10218,11853
ADURS,10286,10152
CTNNIA,10279,12850
VCUA,10281,13851
AOLE,10321,12610
CCDAS,10086,11523
CPMOAA,10278,12648
CBCAA,10209,11461
AICA,10360,10332
AABIS,10448,14223
AACIMA,10299,13134
BRDUAA,10244,12681
CMULMA,10043,14425
CCNASA,10246,13304
BRIGSA,10240,13982
CDSISA,10212,11558
CSPOAA,10275,13265
BPETS,10266,11111
BISN,10096,10965
BPLAS,10268,11172
UGWS,10176,14458
CSTAE,10039,11975
BNTHI,10431,11071
ATNTI,10251,10634
ASHUIA,10247,13284
CPTUS,10265,13044
NVES,10129,12342
CMULMA,10043,14434
CUTRAA,10272,13733
BNHOI,10451,11065
BGNNI,10489,10915
AEBII,10250,12591
ZUDI,10208,12497
BRDUAA,10244,12682
CVNSI,10304,13551
APINS,10352,10530
GABR,10354,12203
ATKEAA,10050,10637
BDATE,10024,10792
AMDESA,10492,10383
ACIQS,10444,10119
CCSOAA,10294,11495
BDROI,10287,10802
MIES,10045,12318
CJIAEA,10310,13959
BDESS,10314,12963
ADURS,10286,13111
MTES,10072,12305
ASENXA,10411,10580
BMXIA,10145,11017
CCLEA,10324,13836
BSTISA,10306,12760
CVEGSA,10327,13195
BLUDAA,10378,10997
CSDES,10329,14122
CCLEA,10324,13834
BRAPXA,10392,11194
CVERSA,10256,13326
BHELIA,10292,10941
CHNAS,10261,13806
BGEESA,10107,10910
LITA,10149,12274
THAR,10245,12451
AMLLHA,10491,10400
CUUIA,10012,12073
CNIAA,10305,12887
ALHOIA,10025,10337
UGWS,10176,14470
ADLTIA,10002,10145
AENBI,10277,10179
ACMBA,10332,14022
AGKEI,10495,10221
CGAMY,10204,11628
BIDIAA,10187,10956
OUNS,10308,12350
CHPISA,10255,12669
CSURI,10196,11991
CCNASA,10246,13314
BAORS,10291,12825
ABYRAA,10318,13018
BENDIA,10144,10849
ANPPN,10164,10434
AGEES,10345,10268
BCSIA,10406,10780
CCNASA,10246,13302
BGNHI,10159,10902
OENS,10323,12878
CMNASA,10108,11783
CJIAEA,10310,13972
CGAMY,10204,11627
CSMUSA,10233,12002
BBSWI,10282,10717
KANS,10270,13939
BTMISA,10225,11275
AGBAS,10273,10230
CLNUS,10264,14201
AHMOIA,10041,14405
CSUNI,10267,13170
BCSIA,10406,10784
CMATM,10298,12946
PLAN,10408,12375
PLAN,10408,12376
CSDES,10329,14129
AFMEM,10172,10195
APOES,10203,10537
CFSOS,10283,14103
CSPAS,10276,12555
RNBI,10065,12405
AMLLI,10157,10396
OUNS,10308,12934
ASTIAA,10417,10566
CMHOIA,10241,13464
BVEGS,10180,11297
AAFAIA,10263,12731
BDROI,10287,14336
AFRBIA,10301,10211
DESS,10377,12178
ACURSA,10307,13219
CWTRSA,10147,12129
LLAR,10253,13751
BOENXA,10302,13418
CLNUS,10264,11759
CNCYE,10252,13924
MOIS,10336,12322
CVEGSA,10327,13190
CMAGS,10454,11776
CTBAA,10300,14178
CCSOAA,10294,13443
THAR,10245,12453
CSPOAA,10275,13269
SMBI,10102,12416
ASRVL,10369,10587
BCOGR,10331,12516
AHMOIA,10041,14408
CCSOAA,10294,11496
CRARI,10076,11933
AASSS,10334,10025
AFRBIA,10301,13654
BPLAS,10268,14172
APAER,10259,12707
BRDUAA,10244,12680
BPENS,10348,11166
BGIRSA,10035,10895
CVELX,10185,12089
CKHOAA,10224,11727
BCYPS,10494,10777
CPNEI,10319,11870
OANI,10418,12357
ABEHI,10493,10075
APTEI,10084,10521
CQSIRA,10053,11921
BNITSA,10303,13664
CLROM,10442,11740
CNCYE,10252,13919
ATSASA,10097,10610
CIULM,10257,14484
MAII,10499,12278
BDOTAA,10146,10822
AAOLE,10333,13602
AEBII,10250,12581
BDROI,10287,14333
ASRVL,10369,10585
DYEI,10087,12180
CFSOS,10283,11610
APYKS,10429,10516
CAFRIA,10082,11370
BFNTAA,10320,13485
DQUI,10476,12168
AGTISA,10328,13239
BXOPS,10269,11334
SECI,10313,13067
BLUDAA,10378,10999
CQSIRA,10053,14456
MTES,10072,12309
AACIMA,10299,13130
ALYNX,10138,10349
BRANS,10169,11206
AJANAA,10465,10304
CMLLIA,10163,11807
BGIRSA,10035,10898
CIULM,10257,14492
BHELIA,10292,10942
CAOESA,10309,14147
CLPTA,10335,13090
CJIAEA,10310,13965
CSENX,10248,13569
ACURSA,10307,13236
CBSSIA,10325,12741
CUTRAA,10272,13734
CABRE,10412,11347
CTBAA,10300,14190
CHOVAA,10132,11676
CTNNIA,10279,12859
CZNSIA,10295,12164
BPTII,10365,11149
CVNSI,10304,13558
CSENX,10248,13577
CCZES,10285,11529
CZONS,10260,12156
CZNSIA,10295,12579
CMULMA,10043,14432
BCRNI,10337,10753
BAISA,10140,10691
CGAIE,10288,13503
CAENAA,10290,13339
CDARI,10284,11563
HHRS,10440,12228
BBATE,10293,10707
BLUNAA,10026,11003
BPAUIA,10168,11122
CTMLS,10433,12051
VLLR,10359,12480
CVNSI,10304,12095
AQINS,10316,10547
CRAPT,10183,11925
AGTISA,10328,13240
BIIZIA,10312,14278
AGBAS,10273,13909
RGIA,10317,13860
BRTAA,10393,11214
AAOLE,10333,13604
GEAA,10226,12198
CNCYE,10252,13926
CDRAI,10111,11551
BRDUAA,10244,11198
BLUPS,10427,11008
BHRMIA,10230,10924
AAOLE,10333,13617
ADURS,10286,10151
CHNAS,10261,13811
CSTTA,10148,12034
CYNGI,10011,12145
AACIMA,10299,13136
BRANS,10169,11208
MNTS,10478,12314
BSGGMA,10410,11234
UGWS,10176,12477
AADVIA,10482,10057
CMHOIA,10241,11803
ALHOIA,10025,10335
BPLLSA,10028,11144
BOENXA,10302,13409
CIULM,10257,14480
OENS,10323,12876
CCSOAA,10294,13441
BDESS,10314,12973
BRIGSA,10240,11215
BVNGS,10068,11317
BORIIA,10079,11103
CPGUS,10326,11864
ATKEAA,10050,10638
CMULMA,10043,11766
CAOESA,10309,14154
CLNUS,10264,11755
BCOGR,10331,10742
CTBAA,10300,14182
CHPISA,10255,12663
WMMI,10038,12492
NEGS,10175,12339
CRHMIA,10027,11935
ADEMNA,10118,10140
KANS,10270,13949
CRARS,10156,11943
BMXIA,10145,11019
BRAPXA,10392,11193
CVERSA,10256,13333
BRIGSA,10240,13978
CIULM,10257,11700
DYEI,10087,12184
CDANEA,10438,11588
ATEBA,10249,10621
ATEBA,10249,12795
BCSIA,10406,10782
AMLISA,10296,12535
BOMES,10001,11109
UGWS,10176,14464
APLVS,10033,10488
CHPISA,10255,12666
BHELIA,10292,10943
CHPISA,10255,12672
BVEGS,10180,11299
APTHN,10338,10500
ASHUIA,10247,13292
CAFRIA,10082,11371
BGICS,10483,10891
LOTM,10415,12262
CTNNIA,10279,12843
CVTZI,10390,12110
AQINS,10316,13718
CBADA,10497,11428
CORDIA,10488,11858
CCDAS,10086,11522
BFNTAA,10320,13493
BRIGSA,10240,13985
CAISAA,10064,11412
MHOI,10058,12302
CTIRAA,10289,12623
AGTISA,10328,10248
BMIRS,10484,11036
CGAUI,10133,11638
AMKHI,10223,10362
CGSEA,10361,11644
PERS,10381,12382
BDESS,10314,12976
CFSOS,10283,14104
CTIRAA,10289,12626
CYRIS,10416,12142
BPLAS,10268,14169
APAER,10259,12713
AFMEM,10172,10196
AGTISA,10328,13241
CBNKI,10366,11475
BCOGR,10331,12509
CPMOAA,10278,12651
ADECSA,10174,10164
CCENS,10463,11489
ALAGIA,10217,10322
BVANM,10015,11314
AIATIA,10075,10293
AEDEIA,10262,13426
BDOTAA,10146,10821
CDLIIA,10192,11544
AMLLHA,10491,10404
AAOLE,10333,13607
APYKS,10429,10519
MHTS,10098,12288
CSGIAA,10092,12021
CBSSIA,10325,12752
AABIS,10448,14224
CSETS,10171,12013
SECI,10313,13077
VCUA,10281,13858
CSUNI,10267,13164
CSENX,10248,13571
AGBAS,10273,10234
CSDES,10329,14136
CBADA,10497,11427
UGWS,10176,14473
AMOSSA,10311,13696
BWIAI,10343,11328
CHNAS,10261,13801
CPTUS,10265,13046
ABYRAA,10318,13009
OUNS,10308,12921
AZUDIA,10014,10666
CSPAS,10276,12549
CAOESA,10309,14151
BCRNIA,10134,10755
ACUMS,10391,10107
BPETS,10266,13218
AGTISA,10328,13243
ALIDS,10211,10315
HHRS,10440,12229
AGBAS,10273,13911
CAENAA,10290,13357
CBLWIA,10384,11434
AMCKM,10355,10379
BIIZIA,10312,10950
COOGRA,10364,11847
CCENS,10463,11486
CFSOS,10283,14097
CVERSA,10256,12101
CMNASA,10108,11782
CIIGSA,10420,11695
NVES,10129,12341
BRIGSA,10240,11219
ROBS,10441,12388
AAFAIA,10263,12720
AOREI,10023,10469
ACUMS,10391,10109
BHNPNA,10143,10931
AMLLHA,10491,10401
ADCTSA,10490,10155
AABIS,10448,14233
BCOGR,10331,12515
CCLEA,10324,13831
OSTS,10425,12346
CDERIA,10130,11574
AAFAIA,10263,10022
CSUNI,10267,13171
CBADA,10497,11425
CZNKI,10003,12151
APNDA,10055,10478
APAMMA,10109,10544
CPONSA,10167,11886
ASAPI,10422,10592
BDHIEA,10184,10828
CCZES,10285,13143
BXOPS,10269,13580
AQINS,10316,13711
ALOGRA,10056,10344
BHRMIA,10230,10921
APTHN,10338,10504
BXOPS,10269,13598
BDROSA,10103,10799
ADLTIA,10002,10146
KANS,10270,13948
CPIFIA,10322,12990
MOIS,10336,14086
OENS,10323,12871
AAETAA,10470,10007
CSPAS,10276,12551
BPLLSA,10028,11140
KBEA,10105,12248
CDIAIA,10315,13031
ASILAA,10113,10601
CNCYE,10252,13923
CNLKSA,10120,11836
CCNASA,10246,13313
CDUCI,10067,11592
NISS,10242,12330
BDESS,10314,12962
AAANI,10021,14347
CCNASA,10246,13306
CTBAA,10300,14196
CLPTA,10335,13086
CSUNI,10267,13175
BHLIA,10457,10929
BATE,10395,10830
CKANS,10450,11738
BTRCAA,10101,11273
ALORS,10236,10326
TMAE,10094,12448
BDROI,10287,10803
OENS,10323,12866
CVNSI,10304,12096
TACA,10468,12467
ADURS,10286,13103
CSURI,10196,11994
AHMOIA,10041,14397
BPAYIA,10271,13394
BLUCAA,10356,10985
AOLE,10321,12604
CNOLEA,10088,11843
AMLISA,10296,12537
BPTUS,10206,11176
AAETAA,10470,10008
APAER,10259,10525
BGIRSA,10035,10897
CTNNIA,10279,12060
BPOLIA,10022,11156
CTNNIA,10279,12852
CCNASA,10246,13300
BRDUAA,10244,12693
AENBI,10277,14361
ACMBA,10332,14033
VCUA,10281,13847
CRROI,10197,11949
BRIGSA,10240,11218
CCHUIA,10040,11491
CAOESA,10309,14152
AFIAS,10122,10203
BPETS,10266,13211
CJIAEA,10310,13963
AACIMA,10299,13129
CTIPSA,10371,12043
BFNTAA,10320,13489
AGTISA,10328,13245
BCOGR,10331,12507
CCLEA,10324,13821
RNBI,10065,12408
OENS,10323,12361
CAOESA,10309,11388
BDROI,10287,14322
CPNEI,10319,13782
AMOSSA,10311,10394
CIULM,10257,14486
BAORS,10291,12823
BNITS,10443,11057
ATALAA,10455,10627
CPTUS,10265,13055
CVNSI,10304,12097
CVNSI,10304,13544
BHMI,10142,10677
CCZES,10285,13151
CVEGSA,10327,13180
BTRCA,10221,11269
AQINS,10316,13700
CPLMI,10150,11867
BGONM,10112,10887
AMOSSA,10311,13695
CNIAA,10305,12881
BPOLIA,10022,11155
OANI,10418,12355
AOLE,10321,12611
JOBS,10139,12238
CSSTA,10123,11996
BBII,10243,14069
PNGS,10083,12366
CCNASA,10246,13310
CDELS,10437,11546
CCENS,10463,11487
BAORS,10291,12834
TNCS,10125,12471
BBII,10243,14062
BLUPS,10427,11005
CJNES,10136,11723
CVLPS,10013,12124
ACMBA,10332,14021
BBII,10243,14061
CBSSIA,10325,12742
ADEMNA,10118,10144
AMCKM,10355,10375
BORIIA,10079,11104
BPETS,10266,13205
BGICS,10483,10892
CMATM,10298,12952
CPMOAA,10278,11892
ABBII,10358,10092
ARPIA,10114,10552
BBII,10243,14070
APLVS,10033,10486
KANS,10270,13957
CPTUS,10265,11908
AGULI,10008,10241
AQINS,10316,13702
AENBI,10277,14360
CHNAS,10261,13812
ANULS,10400,10429
CMULMA,10043,11768
BNITS,10443,11055
CRAPT,10183,11926
AHCTIA,10397,10278
BRDUAA,10244,12691
CINISA,10085,11684
ATLESA,10453,10618
AAMMNA,10280,14245
BRIGSA,10240,13979
ABHEI,10153,10098
CJNSI,10357,11713
AMOSSA,10311,13686
CVERSA,10256,13323
BCYSSA,10379,10748
CZNKI,10003,12153
CSBASA,10119,12029
BDROI,10287,14329
CCNASA,10246,11508
CLPTA,10335,13096
RGIA,10317,13859
CPIFIA,10322,11877
MIRA,10189,12293
ACIQS,10444,10116
CPNEI,10319,13783
BDADAA,10375,10812
AHMOIA,10041,10274
AAOLE,10333,13600
CHOVAA,10132,11677
CSETS,10171,12012
VCUA,10281,13840
MOIS,10336,14088
PTIX,10006,12374
CTIRAA,10289,12057
AEBII,10250,12589
CVERSA,10256,13336
CPIFIA,10322,11879
BDIDA,10173,10815
AMLISA,10296,12527
AACIMA,10299,13126
ALORS,10236,10328
BCTRAA,10367,10785
BDROI,10287,14331
CQSIRA,10053,11924
AFOCIA,10095,10205
CFCOIA,10419,11607
BDESS,10314,12972
CDUCI,10067,11590
ACMBA,10332,14020
CSDES,10329,14118
BIIZIA,10312,10953
CSDES,10329,11973
BAORS,10291,12829
BONGEA,10099,11095
CHNAS,10261,13800
CAANI,10432,11363
UGWS,10176,12475
SOTS,10297,12420
BIIZIA,10312,14286
CMULMA,10043,14429
BPAYIA,10271,11137
KANS,10270,12254
ZUDI,10208,12495
BDESS,10314,12967
BSTISA,10306,12775
ANPPN,10164,10431
BZNKIA,10330,11341
AGEES,10345,10265
MIES,10045,12316
CPTUS,10265,13054
BOLUA,10466,11090
CTNNIA,10279,12840
CPTUS,10265,11907
ROAI,10405,12395
BGROSA,10474,10875
BBSWI,10282,12912
NEGS,10175,12337
CFLOAA,10254,13889
CSUNI,10267,11980
CVNSI,10304,13557
HTWI,10191,12219
THAR,10245,14005
ADEMNA,10118,10142
CVERSA,10256,13331
BYARS,10213,11336
BZNKIA,10330,11340
BNHOI,10451,11067
BQMAS,10222,11180
CVEGSA,10327,12083
APAER,10259,12718
CDRAI,10111,11554
BBSWI,10282,10719
CTIRAA,10289,12055
CWTRSA,10147,12125
AAMMNA,10280,14252
BPETS,10266,11114
OUNS,10308,12939
BENDIA,10144,10846
CZNSIA,10295,12573
CSPAS,10276,11967
RNBI,10065,12406
ASRVL,10369,10589
BGICS,10483,10893
BHMI,10142,10676
FICA,10031,12189
AFIAS,10122,10202
CHNAS,10261,13808
CPMOAA,10278,11893
BMRRI,10060,11053
AMLEIA,10074,10353
CMNASA,10108,11780
BTURA,10141,11283
CPMOAA,10278,12645
BDROI,10287,14326
CSENX,10248,11987
NEGS,10175,12338
ADCTSA,10490,10157
AAFAIA,10263,12737
SECI,10313,13072
BMDWIA,10426,11032
CZNSIA,10295,12565
APOEI,10205,10506
BMCHI,10460,11020
CADIM,10000,11392
BATE,10395,10832
CHPISA,10255,12661
APOEI,10205,10507
AFOCIA,10095,10206
SECI,10313,13060
CCFFRA,10232,11480
CPNEI,10319,13789
BTMISA,10225,11277
CNIAA,10305,12890
ADLTIA,10002,10147
NVES,10129,12343
ACMBA,10332,14032
BCRNIA,10134,10757
AMOSSA,10311,13684
ASARS,10090,10595
CSPAS,10276,11969
CVLLA,10073,12094
BLUNAA,10026,11000
ALIDS,10211,10317
ABOCIA,10423,10087
CFLOAA,10254,13885
CHNAS,10261,11657
AGTISA,10328,10245
ARTJS,10239,10564
AENBI,10277,10177
CAISAA,10064,11413
BIIZIA,10312,14295
CSPAS,10276,12544
BBII,10243,11286
SOTS,10297,14266
CVIROA,10154,12105
AMELSA,10017,10407
KBEA,10105,12247
BCRNIA,10134,10759
AMOSSA,10311,13694
CMHOIA,10241,13469
CGAIE,10288,13513
ACURSA,10307,13223
AAMMNA,10280,14253
AAAPSA,10121,14384
AAANI,10021,14355
BPANIA,10342,11150
CIULM,10257,14496
AABIS,10448,14231
CPGUS,10326,14050
AADVIA,10482,10058
RGIA,10317,13861
CTIRAA,10289,12621
UGWS,10176,14462
CDELS,10437,11545
AOLE,10321,10436
AHMOIA,10041,14412
CCLEA,10324,13833
BWIAI,10343,11329
CLLIM,10372,11752
BRDUAA,10244,12690
AARGEA,10409,10053
BCRNI,10337,13529
CUTRAA,10272,13727
BTURA,10141,11280
CAANI,10432,11361
AEDEIA,10262,13438
BOFEA,10117,11088
ASMBI,10037,10574
CPTUS,10265,13050
BYARS,10213,11338
SOTS,10297,14276
BADAI,10057,10682
DYEI,10087,12182
ATNTI,10251,12803
CDELS,10437,11548
CVNSI,10304,13543
CZNSIA,10295,12570
BRIGSA,10240,11216
CFLOAA,10254,13883
BTRCAA,10101,11271
BRIGSA,10240,13991
COOGRA,10364,11846
BSAS,10131,11290
THAR,10245,14010
AQINS,10316,13701
ACMBA,10332,14035
AHMOIA,10041,14403
CMHOIA,10241,13461
BCYSSA,10379,10745
ATNTI,10251,12815
LLAR,10253,12265
BRANS,10169,11207
CIULM,10257,14487
AAANI,10021,14356
CPENSA,10093,11881
OSTS,10425,12349
CMXIA,10200,11786
CMATM,10298,12950
BAORS,10291,12821
HTWI,10191,12218
AAAPSA,10121,14381
BPLAS,10268,14158
CPLANA,10195,11898
CVNSI,10304,13548
CZONS,10260,12155
BFNTAA,10320,10863
CATESA,10481,11423
CKHOAA,10224,11728
CSPAS,10276,12550
CBCAA,10209,11460
ANNUS,10464,10414
BCBUIA,10100,10766
ADCTSA,10490,10159
CCZES,10285,13153
BRANS,10169,11209
BNITSA,10303,13672
LOTM,10415,12260
AMDESA,10492,10380
BNITSA,10303,13669
ATLESA,10453,10619
AMLISA,10296,12524
CCZES,10285,13148
ZUDI,10208,12499
CIDUS,10137,11691
LLAR,10253,13742
CPTUS,10265,13042
CTIRAA,10289,12633
CINISA,10085,11680
CCSOAA,10294,13453
CORDIA,10488,11856
AENBI,10277,10175
CBEAI,10010,11451
BBATE,10293,13624
AGULI,10008,10240
CTIRAA,10289,12631
ACURSA,10307,13232
CTBAA,10300,14192
BBSWI,10282,12904
APAER,10259,12702
ABBII,10358,10093
CMNDO,10445,11772
BMAUA,10258,13372
BQMAS,10222,11181
CSENX,10248,11989
AGTISA,10328,13256
BWTZI,10274,11322
RGIA,10317,13878
CPMOAA,10278,12642
JOSI,10347,12242
ARDLI,10215,10555
CZNSIA,10295,12572
CADIM,10000,11393
BBATE,10293,13632
RORI,10201,12403
LLAR,10253,12268
ASHUIA,10247,13283
CFSOS,10283,14116
TECS,10351,12461
BATRXA,10402,10699
CVERSA,10256,12103
NAPU,10386,12325
BDROI,10287,14325
ADURS,10286,13117
CTBAA,10300,14189
AJANAA,10465,10303
BBADA,10496,10701
CSTAE,10039,11976
BEEGS,10407,10840
CNCYE,10252,13928
AGKEI,10495,10220
MOIS,10336,14094
MHTS,10098,12287
CUTRAA,10272,13738
CTIRAA,10289,12056
CKANS,10450,11737
AIATIA,10075,10294
BRDI,10177,10949
BRSSIA,10051,11204
BSULR,10228,11220
MIRA,10189,12294
HHRS,10440,12225
CVEGSA,10327,13179
BDROI,10287,14327
ATQUAA,10081,10641
CPTUS,10265,13049
BHNPNA,10143,10930
CAROAA,10339,11357
CHNPNA,10374,11667
ASTIAA,10417,10568
BRSSIA,10051,11203
BWTZI,10274,11321
ACMBA,10332,14027
APINS,10352,10531
AEDEIA,10262,13437
PLAN,10408,12378
BATRXA,10402,10696
BPLAS,10268,11174
APAER,10259,12704
ATEBA,10249,12787
CVLPS,10013,12123
AMELSA,10017,10405
LOTM,10415,12264
BLUNAA,10026,11004
ADURS,10286,13115
SDIS,10413,12437
BXOPS,10269,13579
ATNTI,10251,12807
MOIS,10336,14092
CMULMA,10043,14428
ROBS,10441,12385
CDIAIA,10315,13030
CIULM,10257,14485
CAENAA,10290,11415
NVES,10129,12340
AIATIA,10075,10291
CSDES,10329,14124
CMHOIA,10241,13460
KANS,10270,13942
CDINRA,10475,11577
BRANS,10169,11205
AMRIE,10401,10359
CSPOAA,10275,13272
ADURS,10286,13109
ASILAA,10113,10600
BMIRS,10484,11039
AQINS,10316,10546
MOIS,10336,14081
ALAGIA,10217,10321
UGWS,10176,14460
ACMBA,10332,14023
AENBI,10277,14375
AANES,10396,10001
BCIGAA,10198,10723
CDINRA,10475,11575
AOLE,10321,12608
CSENX,10248,13575
RORI,10201,12400
CIULM,10257,14495
CVIROA,10154,12108
OENS,10323,12865
ATALAA,10455,10629
CVNSI,10304,12099
CAOLEA,10362,11397
ASRVL,10369,10588
BRSSIA,10051,11202
BPETS,10266,13213
AMLISA,10296,10389
CSSOS,10178,12017
AFMEM,10172,10199
AQINS,10316,13712
CSTTA,10148,12030
CPGUS,10326,14042
BSTISA,10306,12776
CUTRAA,10272,12079
CDIAIA,10315,13021
CIULM,10257,14479
ACURSA,10307,13221
CAORI,10089,11400
THAR,10245,14000
BCISIA,10091,10736
CCSOAA,10294,13458
CHPISA,10255,12667
BCRNI,10337,13523
BRDUAA,10244,12689
CIULM,10257,14489
CWEDI,10216,12132
MTES,10072,12308
KANS,10270,13941
AASSS,10334,10028
AEDEIA,10262,10189
ASTIAA,10417,10565
BRAPXA,10392,11191
BNITSA,10303,13661
CFLOAA,10254,11618
BPEGA,10059,11129
BHELIA,10292,14313
AAANI,10021,14348
BVLLA,10066,11307
BVLLA,10066,11306
BKFFIA,10078,10984
CSUNI,10267,13168
ASHUIA,10247,13294
BNITSA,10303,13663
CMLLIA,10163,11805
CMATM,10298,12943
CPLMI,10150,11866
CCSOAA,10294,13454
KEBI,10404,12257
CPTOS,10349,11911
CUTRAA,10272,12077
BCESI,10376,10731
CBSSIA,10325,12744
AEDEIA,10262,13431
ADURS,10286,13112
CCORIA,10162,11516
BSTISA,10306,11237
ATNTI,10251,12819
CTBAA,10300,14185
CDIAIA,10315,13027
BCRNI,10337,13530
ACMBA,10332,14031
CNCYE,10252,13937
CPRUA,10193,11901
BXOPS,10269,11331
CMNNEA,10047,11796
CJIAEA,10310,13961
BGONM,10112,10889
CNCYE,10252,13932
CBLLIA,10234,11470
AOREI,10023,10466
CGIEE,10005,11624
BDESS,10314,12965
BTLES,10461,11248
SFOI,10428,12412
BWTZI,10274,13766
ACMBA,10332,10113
AAOLE,10333,13603
CNCYE,10252,11823
CLNUS,10264,14197
CPGUS,10326,14038
CBSSIA,10325,12750
BXOPS,10269,13587
AIULM,10181,10280
AAFISA,10188,10012
CAENAA,10290,13358
BCRNI,10337,13533
ATEBA,10249,12793
CHPISA,10255,11672
ATEBA,10249,10624
AICA,10360,10331
BDESS,10314,10807
ACMBA,10332,14030
CMNNEA,10047,11798
BYARS,10213,11339
ACURSA,10307,10135
BPLAS,10268,14168
BIIZIA,10312,14285
BSARS,10456,11226
BTURA,10141,11282
BKFFIA,10078,10982
CFCOIA,10419,11609
LITA,10149,12272
BPAYIA,10271,13395
BTICR,10070,11255
AIHMSA,10207,10287
BAORS,10291,12827
CLTRSA,10459,11760
BHELIA,10292,14314
CQICSA,10166,11918
CUTRAA,10272,13722
LLAR,10253,13752
BVGESA,10447,11301
CSUNI,10267,13167
CMHOIA,10241,11804
BATE,10395,10831
SECI,10313,12441
HHRS,10440,12226
AAANI,10021,14341
BENDIA,10144,10847
CMULMA,10043,14433
BGNNI,10489,10919
BCOGR,10331,12500
ACURSA,10307,13220
BRDUAA,10244,12698
BIIZIA,10312,10954
AGKEI,10495,10224
ASHUIA,10247,13291
BVNGS,10068,11318
CRBIAA,10227,11957
CCLEA,10324,13828
BCESI,10376,10730
CSRASA,10063,12037
CADIM,10000,11390
CFSOS,10283,14108
APLVS,10033,10489
FICA,10031,12186
AAFAIA,10263,12730
AASSS,10334,10026
CLNUS,10264,14210
BPETS,10266,13216
KANS,10270,12253
CNCYE,10252,13930
CLLIM,10372,11753
BAORS,10291,12822
CVLLA,10073,12090
CPMOAA,10278,12654
BIIZIA,10312,10952
CPGUS,10326,14046
CNCYE,10252,13933
CNRES,10486,11829
CIENSA,10135,11689
OENS,10323,12875
CVNSI,10304,13553
CRBIAA,10227,11958
AOLE,10321,12600
SRVL,10049,12425
BTRCA,10221,11266
ALLI,10399,10181
BCRNI,10337,13525
CFLOAA,10254,13897
AEBII,10250,12582
CJNSI,10357,11711
CCNASA,10246,13299
MOIS,10336,12320
NVES,10129,12344
AENBI,10277,14364
BCOGR,10331,10740
ABYRAA,10318,13013
CGAIE,10288,13518
CGAIE,10288,13501
AMLEIA,10074,10351
CVLLA,10073,12093
BHELIA,10292,14297
AGBAS,10273,13916
AFRBIA,10301,13646
AHYA,10235,10499
CJNES,10136,11720
BBSWI,10282,12914
SOTS,10297,14269
CSENX,10248,11988
CIGS,10479,11378
AGTISA,10328,13242
BPLAS,10268,14170
SOTS,10297,12422
ATNTI,10251,12800
BTCOR,10062,11264
AOVIIA,10434,10449
CMHOIA,10241,13471
AHMOIA,10041,14414
CMNDO,10445,11774
CCENMA,10346,11537
CNIAA,10305,12893
CBLWIA,10384,11430
CSPOAA,10275,13273
AMOSSA,10311,13682
CSPOAA,10275,12009
CPNEI,10319,11871
BENOXA,10473,10837
BOENXA,10302,11081
CAOLEA,10362,11399
BOENXA,10302,11083
LLAR,10253,13747
BWTZI,10274,11323
CAOESA,10309,14146
ATEBA,10249,12784
CMULMA,10043,14421
GOUS,10016,12212
MNTS,10478,12310
UGWS,10176,14475
TNCS,10125,12470
AANES,10396,10004
BNTHI,10431,11072
CMXIA,10200,11787
CDIAIA,10315,11569
ICAS,10394,12232
CTIRAA,10289,12627
AMLOSA,10344,10374
BJULS,10152,10979
BCOGR,10331,12513
AGBAS,10273,13899
AGTUSA,10430,10236
AVMAI,10439,10659
BOENXA,10302,13415
BGROSA,10474,10878
ASMBI,10037,10571
PERS,10381,12381
CSPAS,10276,12558
CLNUS,10264,14207
AGKEI,10495,10222
CQSIRA,10053,14454
OENS,10323,12874
CHPISA,10255,12660
CBNKI,10366,11478
CDRAI,10111,11550
PERS,10381,12380
CTNNIA,10279,12851
SFOI,10428,12411
BDESS,10314,12968
SECI,10313,13075
BPAGMA,10161,11119
ACURSA,10307,10139
AGAUIA,10449,10253
BCTRAA,10367,10789
CDERIA,10130,11572
CFLOAA,10254,11617
CVERSA,10256,13338
CIULM,10257,14488
CSUNI,10267,13166
BGANAA,10340,10874
CGAIE,10288,13508
CDLIIA,10192,11541
AEDEIA,10262,13435
AOLE,10321,12616
ASHUIA,10247,13281
CNOLEA,10088,11840
AMLLI,10157,10397
ATNTI,10251,12801
AOVIIA,10434,10447
CABRE,10412,11346
CMULMA,10043,11769
AAAPSA,10121,14390
AMOSSA,10311,13681
CCZES,10285,13155
CUTRAA,10272,12075
CJIAEA,10310,13973
AEDEIA,10262,13427
BHELIA,10292,14303
ABYRAA,10318,13016
CKANS,10450,11736
CBLUIA,10436,11436
BOENXA,10302,13408
CJIAEA,10310,13974
AMOSSA,10311,13693
BWIAI,10343,11327
BMAUA,10258,13361
UGWS,10176,14465
BTCOR,10062,11262
BENOXA,10473,10836
AMLISA,10296,12538
ACURSA,10307,13238
ASHUIA,10247,13289
BCISIA,10091,10738
BGNNI,10489,10917
AGTISA,10328,13255
BAORS,10291,12826
AABIS,10448,14227
TACA,10468,12469
CCLEA,10324,13822
BSTISA,10306,12764
BCVEAA,10368,10764
CQSIRA,10053,14449
CNCYE,10252,13936
ACURSA,10307,13226
THAR,10245,14013
AAMMNA,10280,14246
BWTZI,10274,13767
OUNS,10308,12938
AKLIEA,10210,10312
CLNUS,10264,14202
CSPAS,10276,12540
CSUNI,10267,13174
CBLUIA,10436,11435
CAFRIA,10082,11372
APAER,10259,12708
CMATM,10298,11812
AGTISA,10328,13252
BDROSA,10103,10798
ASCHI,10158,10609
ROAI,10405,12396
CBLLIA,10234,11473
AGBAS,10273,13900
ASILAA,10113,10602
ACOSI,10116,10128
UGWS,10176,14466
BPAYIA,10271,13380
CPGUS,10326,14053
CCLEA,10324,13827
BCSIA,10406,10781
CMNASA,10108,11784
CUTRAA,10272,13719
COOGRA,10364,11849
CZNSIA,10295,12569
ASHUIA,10247,10578
BPETS,10266,13200
CCSOAA,10294,13445
ATNTI,10251,12817
CHPISA,10255,12670
TNCS,10125,12474
AKEBI,10220,10306
BAORS,10291,12836
GNWI,10036,12207
BLUNAA,10026,11002
HLVM,10009,12222
BWTZI,10274,13777
CAOESA,10309,11389
BRDUAA,10244,12694
CHNAS,10261,13815
BFNTAA,10320,13490
CPMOAA,10278,11894
ARDLI,10215,10558
BTRCAA,10101,11272
CJNSI,10357,11714
CQSIRA,10053,14446
VCUA,10281,13843
ABYRAA,10318,10074
CDIAIA,10315,13035
CIIGSA,10420,11696
CHNAS,10261,13807
BWTZI,10274,11320
CTBAA,10300,14180
CPONSA,10167,11889
BRIGSA,10240,13988
CGAMY,10204,11625
AMLLI,10157,10395
CPIFIA,10322,12993
BBATE,10293,10706
ASHUIA,10247,13287
CPNEI,10319,13794
MNTS,10478,12312
APAER,10259,12706
BPAYIA,10271,13388
CWEDI,10216,12131
ARTJS,10239,10562
BXOPS,10269,13581
GEAA,10226,12195
AABIS,10448,10043
APAER,10259,10528
AYABEA,10435,10661
KANS,10270,13944
BHELIA,10292,14301
ACPBI,10350,10102
BSTISA,10306,11238
BRDUAA,10244,11196
AICA,10360,10333
CMULMA,10043,14417
CGAMY,10204,11629
CSPAS,10276,12547
BOLUA,10466,11094
BBATE,10293,13626
CPNEI,10319,13784
ADECSA,10174,10161
ALORS,10236,10327
CSTAE,10039,11978
BISN,10096,10968
AQINS,10316,13708
CFSOS,10283,14100
AFRBIA,10301,13647
BVGESA,10447,11303
MOIS,10336,14085
BMAUA,10258,13368
FNQI,10170,12193
AMLISA,10296,12532
TACA,10468,12466
BADAI,10057,10684
ZUDI,10208,12496
AACIMA,10299,13123
ASHUIA,10247,10577
CSDES,10329,14125
AACIMA,10299,10047
CVRAS,10231,12116
CBSSIA,10325,12754
ATSASA,10097,10614
CATESA,10481,11424
CBNEI,10446,11444
CINISA,10085,11681
BLUDAA,10378,10998
AMLLI,10157,10399
CLPTA,10335,11745
CAFRIA,10082,11374
CSPAS,10276,12548
CGAIE,10288,13516
APULSA,10020,10484
OUNS,10308,12351
DESS,10377,12179
CIULM,10257,11703
ABYRAA,10318,13001
BBII,10243,11288
BXOPS,10269,13582
APTHN,10338,10501
ASHUIA,10247,10576
CCWFIA,10018,11512
CFLOAA,10254,11619
BEUIS,10387,10854
ATNTI,10251,12816
OUNS,10308,12933
CPTUS,10265,13051
CCFFRA,10232,11483
CYRIS,10416,12141
ATKEAA,10050,10636
AHMOIA,10041,10271
CAOESA,10309,14142
OUNS,10308,12353
AABIS,10448,14218
AMKHI,10223,10363
CHPISA,10255,12678
CVERSA,10256,13319
BBATE,10293,13636
ABYRAA,10318,13002
ATEBA,10249,12781
CSPAS,10276,11968
BPANIA,10342,11152
CLPTA,10335,13079
BGONM,10112,10886
AMOSSA,10311,13683
CQSIRA,10053,14438
BXOPS,10269,11333
CQSIRA,10053,14445
AHMOIA,10041,14410
BVNGS,10068,11316
BDESS,10314,12969
CQSIRA,10053,14450
AOLE,10321,10439
BOENXA,10302,13413
RGIA,10317,13862
AACIMA,10299,10049
CQSIRA,10053,14455
CCNASA,10246,11505
AENBI,10277,14369
CVNSI,10304,13554
CQSIRA,10053,14447
APIOS,10388,10512
ADCTSA,10490,10156
ATEBA,10249,10622
CTMLS,10433,12053
CWTRSA,10147,12127
CBNKI,10366,11479
BTELMA,10370,11251
ATES,10077,10670
CAROAA,10339,11355
CFLOAA,10254,13893
AEDEIA,10262,13432
AAFAIA,10263,12736
CBEAI,10010,11453
CKNSIA,10155,11734
AAMMNA,10280,14241
SOTS,10297,14270
AHYA,10235,10498
CCSOAA,10294,13448
CDUCI,10067,11593
CGSEA,10361,11641
AGPESA,10380,10226
AGTISA,10328,13251
CDIAIA,10315,11568
CMHOIA,10241,13472
AAMMNA,10280,14237
BAORS,10291,12820
CCRIIA,10477,11533
CPNEI,10319,13781
LITA,10149,12270
MHTS,10098,12286
BBII,10243,14064
CDIAIA,10315,11567
LLAR,10253,13755
NISS,10242,12331
CAISAA,10064,11411
AAAPSA,10121,14393
SRVL,10049,12426
CPNEI,10319,13795
AAANI,10021,14349
BGNNI,10489,10916
CBNKI,10366,11476
APOES,10203,10538
AAMMNA,10280,14255
BMAUA,10258,13374
CPGUS,10326,14047
ACURSA,10307,13227
BNHOI,10451,11069
BWTZI,10274,13775
CPNEI,10319,13796
AFRBIA,10301,13656
CHIS,10128,11351
SDIS,10413,12436
THAR,10245,14003
COOGRA,10364,11845
LLAR,10253,12267
CBTTS,10385,11445
BDESS,10314,12971
CVEGSA,10327,13196
CCZES,10285,13158
AOTRSA,10199,10460
AHMOIA,10041,10272
AGERAA,10124,10263
BHELIA,10292,14315
CPGUS,10326,14039
ASENXA,10411,10583
CAISAA,10064,11414
CFLOAA,10254,13880
AAANI,10021,14352
APJES,10127,10471
BENDIA,10144,10848
BSAS,10131,11294
CSSOS,10178,12015
CTNNIA,10279,12853
CLNUS,10264,11758
AAAPSA,10121,14380
BCINS,10019,10728
CHPISA,10255,11671
BMAUA,10258,13366
CBADA,10497,11429
CCZES,10285,13149
BGOVI,10414,10881
AMDESA,10492,10381
AOLE,10321,12613
CRUSR,10238,11954
RGIA,10317,12393
LLAR,10253,13746
BHELIA,10292,14299
BSAS,10131,11292
CVEGSA,10327,13198
BFNTAA,10320,13498
ICAS,10394,12234
UGWS,10176,14459
CCZES,10285,11527
AFMOA,10421,10216
CPGUS,10326,14048
BFNTAA,10320,13479
BHELIA,10292,14304
APIOS,10388,10514
CGAIE,10288,13510
BBATE,10293,13635
CKNSIA,10155,11731
AEDEIA,10262,10187
BRTAA,10393,11210
CTNNIA,10279,12846
BSARS,10456,11228
ICAS,10394,12231
BBSWI,10282,12907
CTHLSA,10219,12069
CXPES,10469,12136
BGICS,10483,10894
BBII,10243,14060
BRDUAA,10244,12685
APOEI,10205,10509
AGBAS,10273,10231
CAORI,10089,11403
CSUNI,10267,13169
CTIRAA,10289,12630
CATESA,10481,11420
CHNAS,10261,11658
AACIMA,10299,13122
CEGIS,10485,11602
BXOPS,10269,13586
BQESR,10237,11185
CDANEA,10438,11585
AACIMA,10299,10048
CWTRSA,10147,12126
CAANIA,10229,11366
CSENX,10248,13574
CSENX,10248,13573
BTELMA,10370,11252
CVEGSA,10327,13189
CGIEE,10005,11621
AAFISA,10188,10010
CDIAIA,10315,13037
UGWS,10176,14463
BDESS,10314,12961
BGUFSA,10034,10907
SECI,10313,13064
CLNUS,10264,14212
ACMBA,10332,14036
BMAUA,10258,11013
ADECSA,10174,10162
CMULMA,10043,14436
CCSOAA,10294,13440
CNIAA,10305,12882
KANS,10270,13946
CCFFRA,10232,11484
BCINS,10019,10727
AMLISA,10296,12528
ALYNX,10138,10345
AGBAS,10273,13914
CNCYE,10252,13934
ABYRAA,10318,13000
VCUA,10281,13841
ATQUAA,10081,10643
BQMAS,10222,11182
AOREI,10023,10467
CMATM,10298,11811
AMLISA,10296,10388
CCZES,10285,13147
BBADA,10496,10703
AQINS,10316,13716
CRROI,10197,11947
CNIAA,10305,12892
BHSOIA,10194,10937
AENBI,10277,14370
CMHOIA,10241,11800
BLCASA,10007,10994
CTNNIA,10279,12844
BNITSA,10303,13674
AEBII,10250,12593
CBSSIA,10325,11466
BGOVI,10414,10883
AAOLE,10333,13609
BDESS,10314,12960
CZNSIA,10295,12568
CWTRSA,10147,12128
AAMMNA,10280,14250
APAER,10259,12714
CTNNIA,10279,12062
APIOS,10388,10511
BIIZIA,10312,14296
CJIAEA,10310,13968
ROBS,10441,12387
BCOGR,10331,10744
AACIMA,10299,13119
APULSA,10020,10480
PLAN,10408,12377
CLROM,10442,11743
CHPISA,10255,11673
BLUCAA,10356,10988
BBSWI,10282,10715
BMIRS,10484,11037
BONGEA,10099,11097
BHLIA,10457,10928
CSENX,10248,13561
APOEI,10205,10505
BHMI,10142,10679
BTCOR,10062,11263
BNITSA,10303,13678
BBSWI,10282,10716
MOIS,10336,14090
BWTZI,10274,13770
BCOGR,10331,12511
BMXIA,10145,11016
DTRS,10398,12171
CHNAS,10261,13810
SECI,10313,13066
AFOCIA,10095,10208
CMATM,10298,11813
ATEBA,10249,12799
CLPTA,10335,13092
CLPTA,10335,13080
BPETS,10266,11113
CCNASA,10246,13318
CPTUS,10265,13047
CPTUS,10265,13048
AENBI,10277,14367
ABICA,10202,10080
CVEGSA,10327,13187
RGIA,10317,13866
AMKHI,10223,10361
KANS,10270,13940
CCSOAA,10294,13451
CTHLSA,10219,12067
CCWFIA,10018,11514
AAAPSA,10121,14394
OUNS,10308,12936
BHSOIA,10194,10935
AAOLE,10333,13610
CGAUI,10133,11637
CFSOS,10283,14110
CGAIE,10288,11653
AMKHI,10223,10360
AQINS,10316,10548
BBII,10243,14068
BBEIA,10061,10714
ATNTI,10251,12808
BPTUS,10206,11179
BPAYIA,10271,11139
BBII,10243,14076
SECI,10313,13071
ADHIE,10498,10168
AAANI,10021,14337
CUUIA,10012,12074
AGTISA,10328,13244
BTICR,10070,11256
BCYSSA,10379,10747
CMHOIA,10241,13474
AEDEIA,10262,13424
BVGESA,10447,11304
AMLISA,10296,12523
BPAYIA,10271,13386
CHOVAA,10132,11675
CAFRIA,10082,11373
BOENXA,10302,13416
CZNSIA,10295,12161
BGONM,10112,10888
BISN,10096,10967
BIDIAA,10187,10959
CTBAA,10300,14184
BGUFSA,10034,10905
BOENXA,10302,13406
CJFFI,10004,11706
CGSESA,10186,11646
CSUNI,10267,13172
APAER,10259,12719
BAORS,10291,10685
BRIGSA,10240,13994
AGTUSA,10430,10235
RGIA,10317,13876
AMOSSA,10311,13685
DTRS,10398,12170
CBSSIA,10325,11469
BKFFIA,10078,10983
BFNTAA,10320,13492
ACURSA,10307,13228
ATQUAA,10081,10640
AHMOIA,10041,14407
ACMBA,10332,14018
ARDLI,10215,10556
SECI,10313,13065
BTAUMA,10214,11241
CSGIAA,10092,12022
TERI,10126,12458
CGAIE,10288,13505
ANPPN,10164,10430
CPMOAA,10278,12644
AOATAA,10462,10441
CRAPT,10183,11927
CSRASA,10063,12035
ABYRAA,10318,13017
CSENX,10248,13559
UGWS,10176,14474
CCENMA,10346,11535
CCSOAA,10294,13446
CIGS,10479,11376
BONGEA,10099,11098
ANULS,10400,10426
AMLOSA,10344,10370
BSTISA,10306,12774
BRDUAA,10244,11195
BSTISA,10306,12765
CCZES,10285,13146
CCSOAA,10294,13457
AQINS,10316,10545
CVEGSA,10327,13181
AAANI,10021,14346
ATALAA,10455,10628
CDELS,10437,11547
BDHIEA,10184,10826
BFNTAA,10320,10862
AMXIAA,10467,10367
CNCYE,10252,11820
BTAUMA,10214,11242
BFNTAA,10320,13480
PNGS,10083,12365
BRDI,10177,10948
BDESS,10314,12970
BCESI,10376,10733
MHOI,10058,12301
THAR,10245,14017
CHIS,10128,11352
BOFEA,10117,11087
RGIA,10317,13872
CCLEA,10324,13819
BHELIA,10292,14302
BEEGS,10407,10841
CFSOS,10283,14114
KEBI,10404,12255
BGIRSA,10035,10899
BPETS,10266,11112
CPTUS,10265,13059
AQINS,10316,13703
AAOLE,10333,13615
AUSIS,10471,10650
CLNUS,10264,14200
CAOESA,10309,11387
CBSSIA,10325,12759
AMLISA,10296,12534
BXOPS,10269,13591
AAAPSA,10121,14388
VCUA,10281,13839
BNITSA,10303,13673
CVERSA,10256,12104
CJIAEA,10310,11715
CBSSIA,10325,12746
CVEGSA,10327,12082
BOENXA,10302,11082
APNDA,10055,10475
CSLIEA,10030,11961
CDLIIA,10192,11543
CMATM,10298,12957
DTRS,10398,12174
CLNUS,10264,14213
SECI,10313,13069
BDADAA,10375,10810
BRDUAA,10244,12686
CMLLIA,10163,11806
VLLR,10359,12481
BSTISA,10306,12770
BRIGSA,10240,11217
AASSS,10334,10027
CHLIA,10104,11662
CAOESA,10309,14148
CMATM,10298,12954
AAAPSA,10121,14378
CBSSIA,10325,12758
BBEIA,10061,10712
DTRS,10398,12172
FICA,10031,12185
AFRBIA,10301,13651
BFCISA,10487,10865
APLVS,10033,10485
HTWI,10191,12217
ABICA,10202,10081
BRIGSA,10240,13997
AAANI,10021,14342
AAAPSA,10121,14385
RGIA,10317,13868
AMKHI,10223,10364
BPLAS,10268,11170
CFLOAA,10254,11615
AAANI,10021,14340
MITS,10029,12299
BBSWI,10282,12911
BAORS,10291,10688
APOES,10203,10536
CTIPSA,10371,12041
SOTS,10297,12421
CSSTA,10123,11995
BGOVI,10414,10882
MOIS,10336,14082
CVRAS,10231,12117
BNITSA,10303,11063
CCNASA,10246,13303
ACIQS,10444,10117
CVEGSA,10327,13182
CAOESA,10309,14155
CSPOAA,10275,13278
ANULS,10400,10427
CVELX,10185,12086
CTBAA,10300,12049
CDIAIA,10315,13029
CBSSIA,10325,11467
CTIPSA,10371,12040
ANTII,10363,10420
CAENAA,10290,11419
ALIDS,10211,10318
ACOSI,10116,10125
CFSOS,10283,14098
SFOI,10428,12410
CPMOAA,10278,12657
ATEBA,10249,12782
APAER,10259,12711
KANS,10270,12250
CNRES,10486,11827
AACIMA,10299,13125
AMOSSA,10311,10392
CHPISA,10255,11670
BWTZI,10274,13768
BRIGSA,10240,13993
CJIAEA,10310,13975
CFLOAA,10254,13892
MITS,10029,12296
BKFFIA,10078,10981
CGAIE,10288,13515
CCZES,10285,11526
AIULM,10181,10283
BPTII,10365,11145
CAOESA,10309,14139
BMAUA,10258,13378
AVMAI,10439,10655
BHELIA,10292,14311
CUTRAA,10272,13735
CEIUS,10382,11598
CRBIAA,10227,11956
CSENX,10248,13567
CFSOS,10283,14105
ATNTI,10251,12806
BPAGMA,10161,11116
BORIIA,10079,11101
CMNDO,10445,11771
AFRBIA,10301,10210
CSENX,10248,13560
BMTZIA,10044,11027
CPNEI,10319,13788
CIGS,10479,11377
AAFAIA,10263,12721
CDIAIA,10315,11565
BDROI,10287,14320
CSDES,10329,14119
CSENX,10248,13568
KANS,10270,13943
CPIFIA,10322,12988
AJANAA,10465,10302
BNITSA,10303,13668
UGWS,10176,12476
HLVM,10009,12220
BIIZIA,10312,10951
RGIA,10317,13865
ASARS,10090,10596
AGBAS,10273,13910
CPLANA,10195,11896
AGBAS,10273,13917
CMATM,10298,12951
CDRAI,10111,11553
CLNUS,10264,14199
CUTRAA,10272,13728
CDSASA,10080,11581
CJIAEA,10310,11719
OUNS,10308,12924
BBII,10243,14073
BVANM,10015,11310
UGWS,10176,14472
ALLI,10399,10180
BXOPS,10269,13596
AFRBIA,10301,13657
BPAYIA,10271,13382
CCZES,10285,13152
BMAUA,10258,13364
CPTUS,10265,13058
CGSESA,10186,11649
RGIA,10317,12391
AAMMNA,10280,14243
BRTAA,10393,11211
CVEGSA,10327,12080
BHMI,10142,10678
BWTZI,10274,13772
FICA,10031,12188
BTRCAA,10101,11270
BBATE,10293,13625
CLPTA,10335,13097
CTMLS,10433,12054
BPLAS,10268,14174
BDIDA,10173,10817
AHMOIA,10041,14415
AOTRSA,10199,10462
CZNKI,10003,12154
CGIEE,10005,11620
HLVM,10009,12223
BCYPS,10494,10778
AABIS,10448,14225
RGIA,10317,13864
BMAUA,10258,13365
CZNSIA,10295,12560
BIBEAA,10160,10960
BBSWI,10282,12910
AHMOIA,10041,14398
VCUA,10281,12487
BXOPS,10269,13594
BLUPS,10427,11007
CPIFIA,10322,12989
SOTS,10297,14263
CFSOS,10283,11611
CDSASA,10080,11582
AEDEIA,10262,13422
BPLAS,10268,11173
BPAYIA,10271,13393
THAR,10245,14016
CMLLIA,10163,11808
CVERSA,10256,13321
BHSOIA,10194,10938
CHPISA,10255,12664
AAAPSA,10121,14387
AACIMA,10299,13135
AMDESA,10492,10382
BBATE,10293,13621
AAFISA,10188,10011
GOUS,10016,12214
CAENAA,10290,13347
AGAUIA,10449,10252
OANI,10418,12356
CSBASA,10119,12025
CCLEA,10324,13835
CPMOAA,10278,12655
BHNPNA,10143,10934
BLUPS,10427,11006
BNITSA,10303,13667
AMOSSA,10311,10391
NEGS,10175,12335
BWTZI,10274,13776
CAENAA,10290,13343
ACURSA,10307,13225
BCOGR,10331,12502
CSPOAA,10275,13262
CPIFIA,10322,12987
BRDUAA,10244,12697
CGIES,10052,11633
BMRRI,10060,11050
CFLOAA,10254,13879
CCENMA,10346,11538
CABRE,10412,11345
CJNSI,10357,11710
ADURS,10286,13105
AOKIOA,10472,10452
AAFAIA,10263,12728
BTRCA,10221,11265
CAYNSA,10452,11405
CTNNIA,10279,12856
BFNTAA,10320,13497
CHNAS,10261,11656
CZNSIA,10295,12575
ANULS,10400,10428
CAENAA,10290,13352
ADURS,10286,13102
ASARS,10090,10599
BHRMIA,10230,10922
OUNS,10308,12931
CCSOAA,10294,13452
CBSSIA,10325,12748
AENBI,10277,14371
ALLI,10399,10183
CMHOIA,10241,13459
CSGIAA,10092,12024
PNGS,10083,12369
VCUA,10281,13845
AABIS,10448,14221
SOTS,10297,12424
BMIRS,10484,11035
CDIR,10218,11854
BRDI,10177,10945
CUTRAA,10272,13729
BPALSA,10110,11131
CSPOAA,10275,13276
AZUDIA,10014,10665
AYABEA,10435,10663
CVNSI,10304,13550
AOTRSA,10199,10463
BFNTAA,10320,13494
BIIZIA,10312,14292
MOIS,10336,14096
ASCHI,10158,10608
BHLIA,10457,10925
CGSESA,10186,11647
ADURS,10286,13106
CKNSIA,10155,11732
AENBI,10277,14358
AENBI,10277,10176
TMAE,10094,12447
CRHMIA,10027,11939
BPETS,10266,13201
CJNES,10136,11721
ASCHI,10158,10605
BPLAS,10268,14162
ABYRAA,10318,13004
ATNTI,10251,10633
RORI,10201,12402
CHIS,10128,11353
CGAIE,10288,11652
ATLESA,10453,10615
CDARI,10284,11560
AQINS,10316,13706
CAANI,10432,11360
BHELIA,10292,10940
CCHUIA,10040,11493
CTBAA,10300,14187
CBSSIA,10325,11468
OENS,10323,12363
ATEBA,10249,12797
AJGOI,10115,10297
AHMOIA,10041,14411
AQINS,10316,13715
BPLAS,10268,11171
LLAR,10253,13756
BTLES,10461,11246
CAENAA,10290,13340
BPLAS,10268,14176
BRDUAA,10244,12692
ACORIA,10458,10133
CTNNIA,10279,12854
MOIS,10336,14087
BBII,10243,14074
BGUFSA,10034,10909
BDROI,10287,14317
SOTS,10297,14259
CPGUS,10326,14043
ALORS,10236,10325
CSUNI,10267,13161
CMAGS,10454,11779
CCSOAA,10294,13444
ARPIA,10114,10551
SMBI,10102,12415
ASHUIA,10247,10579
BXOPS,10269,11330
ACISS,10373,10120
AOLE,10321,12605
ATNTI,10251,12818
CRUSR,10238,11950
BOFEA,10117,11086
CPONSA,10167,11888
BWTZI,10274,13761
BTELMA,10370,11254
CLPTA,10335,11749
AOKIOA,10472,10454
CVNSI,10304,13555
CNIAA,10305,12894
CSBASA,10119,12028
CAENAA,10290,13341
AKLIEA,10210,10314
BPLAS,10268,14165
ALAGIA,10217,10324
AHMOIA,10041,14406
CAENAA,10290,13356
CAOESA,10309,14138
CSTAE,10039,11979
BGROSA,10474,10877
CNOLEA,10088,11842
ATNTI,10251,12805
BCVEAA,10368,10762
SINO,10071,12430
AGBAS,10273,13904
BPETS,10266,13204
CPNEI,10319,13791
CHPISA,10255,12677
CWEDI,10216,12133
VLLR,10359,12482
CSMUSA,10233,12001
CJIAEA,10310,11717
BCESI,10376,10734
CQICSA,10166,11919
BEMIS,10179,10855
ATNTI,10251,12813
CSPAS,10276,12545
ANTII,10363,10424
CSDES,10329,11971
AGTISA,10328,10249
CSDES,10329,14128
CSRASA,10063,12036
SOTS,10297,14274
CQSIRA,10053,14439
CAISAA,10064,11410
ATEBA,10249,10623
BBATE,10293,13629
AOVIIA,10434,10448
CTMLS,10433,12052
AAOLE,10333,13605
BNITSA,10303,11061
BNTHI,10431,11073
AFMOA,10421,10219
CSPAS,10276,11965
AJANAA,10465,10301
BOENXA,10302,13403
CDSASA,10080,11580
BBATE,10293,13619
LOTM,10415,12261
UGWS,10176,14476
AERRO,10182,10194
CAOESA,10309,14149
CBLUIA,10436,11438
AMLISA,10296,12530
AHMOIA,10041,14416
BGOVI,10414,10884
BCOPS,10048,10770
CDERIA,10130,11570
BIIZIA,10312,14287
BPTII,10365,11148
ACORIA,10458,10130
BHSOIA,10194,10939
CBLUIA,10436,11437
AHMOIA,10041,10270
CUTRAA,10272,13720
CRARS,10156,11944
CPTUS,10265,11909
BAORS,10291,12835
BPETS,10266,13207
CAENAA,10290,11417
BAORS,10291,10686
AMLEIA,10074,10350
CTBAA,10300,14183
BVNGS,10068,11315
ANASA,10165,10416
CUTRAA,10272,13725
CMANXA,10046,11792
SINO,10071,12431
BXOPS,10269,13589
BCOGR,10331,12501
CTHLSA,10219,12066
BCRNI,10337,13535
SOTS,10297,14275
BCRNI,10337,13538
CDIAIA,10315,13026
LLAR,10253,13757
ACMBA,10332,14025
JOSI,10347,12243
OUNS,10308,12922
BMTZIA,10044,11028
AMLISA,10296,12539
CNIAA,10305,11834
ARDLI,10215,10557
AAETAA,10470,10006
BZNKIA,10330,11343
AAOLE,10333,10036
CHPISA,10255,12674
CLNUS,10264,14214
MOIS,10336,14083
CPGUS,10326,14041
CPGUS,10326,14037
AHMOIA,10041,14402
CSENX,10248,13570
CHNAS,10261,13817
ATNTI,10251,12809
AGERAA,10124,10262
CSETS,10171,12010
AQINS,10316,13714
BGONM,10112,10885
BNITS,10443,11058
BAORS,10291,12832
OUNS,10308,12354
AGBAS,10273,13898
MIES,10045,12317
SOTS,10297,14260
OENS,10323,12873
BDROI,10287,14334
BNITSA,10303,13670
CPTUS,10265,13052
BOENXA,10302,11084
BAORS,10291,12824
BWIAI,10343,11326
CNIAA,10305,12899
MTES,10072,12306
ABYRAA,10318,10071
LLAR,10253,13749
CRARS,10156,11940
OUNS,10308,12920
AKEBI,10220,10309
AMLISA,10296,12522
CAROAA,10339,11356
BOENXA,10302,13401
BCOGR,10331,12514
AAAPSA,10121,14389
BSAS,10131,11291
CMANXA,10046,11790
SOTS,10297,14261
BMTZIA,10044,11025
ADLTIA,10002,10149
BPAYIA,10271,13381
MHOI,10058,12303
BFNTAA,10320,13495
CAENAA,10290,13353
CBNIIA,10042,11458
BDATE,10024,10793
CIIGSA,10420,11697
CPTUS,10265,13043
BCISIA,10091,10737
BTRCA,10221,11267
BNITSA,10303,13671
AENBI,10277,14374
AAOLE,10333,13616
CAOESA,10309,14140
CCLEA,10324,13823
CJFFI,10004,11709
BCYSSA,10379,10746
CNOLEA,10088,11844
AABIS,10448,14217
ACMBA,10332,14029
BENOXA,10473,10838
NISS,10242,12332
AMLLHA,10491,10403
BCOGR,10331,12512
CPGUS,10326,14040
CPIFIA,10322,12982
ACURSA,10307,13237
BCOPS,10048,10774
CCZES,10285,13154
ATNTI,10251,10632
BDESS,10314,12978
BCRNI,10337,13532
CBSSIA,10325,11465
BBATE,10293,13638
BIIZIA,10312,14281
BWTZI,10274,13769
CCSOAA,10294,13449
ATES,10077,10672
CCZES,10285,11525
DQUI,10476,12165
APAER,10259,12716
ABYRAA,10318,10072
CLNUS,10264,14206
CVNSI,10304,13547
UGWS,10176,14467
CMNNEA,10047,11797
AHMOIA,10041,14400
CATESA,10481,11421
BBEIA,10061,10710
CCHUIA,10040,11494
AEDEIA,10262,13428
VCUA,10281,13857
BRDUAA,10244,12687
CHNAS,10261,13816
UGWS,10176,12479
CGAUI,10133,11639
ASHUIA,10247,13293
CGAIE,10288,13512
AFRBIA,10301,13652
BMTES,10106,11046
BBATE,10293,13628
BCRNI,10337,13531
CDIAIA,10315,13039
ACUMS,10391,10106
APNDA,10055,10477
CLROM,10442,11741
BSTISA,10306,12762
BDROI,10287,14332
BMAUA,10258,13359
CVRAS,10231,12118
CDSASA,10080,11583
SECI,10313,12444
AAFAIA,10263,12733
SMBI,10102,12418
CCLEA,10324,13829
AMDESA,10492,10384
LLAR,10253,13748
CMANXA,10046,11793
CPENSA,10093,11883
CAENAA,10290,13355
ANPPN,10164,10432
BCOGR,10331,12510
CPNEI,10319,13793
BPTUS,10206,11177
CCLEA,10324,11501
CSSTA,10123,11999
CPGUS,10326,11860
ATEBA,10249,12786
AGAUIA,10449,10251
AFRBIA,10301,13658
BPETS,10266,13209
BFNTAA,10320,13488
AMELSA,10017,10408
CAICA,10353,11384
AICA,10360,10330
BCYSSA,10379,10749
BCESI,10376,10732
AAOLE,10333,13606
CAENAA,10290,13346
CLNUS,10264,14203
CRARI,10076,11934
CPTUS,10265,13040
AOLE,10321,12603
ABEHI,10493,10079
ADURS,10286,13107
BVLLA,10066,11309
BIIZIA,10312,14291
CBNIIA,10042,11455
AABIS,10448,10044
ACMBA,10332,10114
JOBS,10139,12239
BDOTAA,10146,10824
CORDIA,10488,11857
CLTRSA,10459,11764
FNQI,10170,12194
BMTZIA,10044,11029
AEBII,10250,12587
BMAUA,10258,11014
BCRNIA,10134,10758
ALYNX,10138,10346
OSTS,10425,12348
ASAPI,10422,10590
BDROI,10287,14328
UGWS,10176,14471
BVANM,10015,11312
BEMIS,10179,10859
CSENX,10248,13566
ASHUIA,10247,13288
SDIS,10413,12439
CMATM,10298,11810
BOENXA,10302,11080
CBTTS,10385,11447
CHPISA,10255,12671
ANNUS,10464,10412
AMCKM,10355,10378
CIULM,10257,11704
MNTS,10478,12313
AGPESA,10380,10225
CVLPS,10013,12120
ACURSA,10307,13234
CFLOAA,10254,11616
CUUIA,10012,12070
CPMOAA,10278,12649
BDESS,10314,10805
ATEBA,10249,12780
BHELIA,10292,14312
BHELIA,10292,14316
AOVIIA,10434,10446
SOTS,10297,14265
AHMOIA,10041,10273
BLUDAA,10378,10996
CTBAA,10300,12046
CTNNIA,10279,12845
CSRASA,10063,12039
BPALSA,10110,11130
BPAYSA,10190,11160
BTAUMA,10214,11240
HTWI,10191,12216
RGIA,10317,13867
MOIS,10336,12324
BPTUS,10206,11178
AAANI,10021,14344
BTCOR,10062,11260
BDIDA,10173,10818
AAMMNA,10280,14247
CFSOS,10283,14107
CSUNI,10267,13162
CFLOAA,10254,13882
OUNS,10308,12352
MOIS,10336,14080
AMOSSA,10311,13690
ACOSI,10116,10127
AGTISA,10328,10246
ASHUIA,10247,13279
BAISA,10140,10693
BOENXA,10302,13414
AAMMNA,10280,14251
AAETAA,10470,10005
CNIAA,10305,12884
CBCAA,10209,11462
BJULS,10152,10978
CHPISA,10255,12675
BIDIAA,10187,10958
CNIAA,10305,12886
BPOLIA,10022,11159
CZONS,10260,12157
BPTII,10365,11146
CMATM,10298,12947
OENS,10323,12864
AAOLE,10333,10035
CMXIA,10200,11789
LLAR,10253,13740
BCBUIA,10100,10769
CPTOS,10349,11912
BNITSA,10303,11064
AOKIOA,10472,10451
AVMAI,10439,10656
BMRRI,10060,11054
CNOLEA,10088,11841
AGBAS,10273,13901
CVRAS,10231,12115
ABYRAA,10318,13006
BIIZIA,10312,14280
CPNEI,10319,13786
MIRA,10189,12291
BCISIA,10091,10735
CCLEA,10324,13838
CNIAA,10305,12896
CSUNI,10267,13178
MOIS,10336,12323
BRSSIA,10051,11201
BMONIA,10403,11043
BRIGSA,10240,13996
AEBII,10250,12588
CCNASA,10246,13307
TNCS,10125,12472
BMDWIA,10426,11030
AFMEM,10172,10198
ABYRAA,10318,13015
CKANS,10450,11739
AOLE,10321,12618
CSSOS,10178,12019
AGPESA,10380,10228
CNIAA,10305,11830
AACIMA,10299,13137
CVNSI,10304,13545
BCRNI,10337,13527
CLTRSA,10459,11762
ACMBA,10332,10111
CJIAEA,10310,13964
BBSWI,10282,12903
APYKS,10429,10517
AENBI,10277,14365
AFMOA,10421,10218
AHYA,10235,10496
ASHUIA,10247,13286
AAANI,10021,10015
ADCTSA,10490,10158
ALORS,10236,10329
CSUNI,10267,11982
CVTZI,10390,12113
BVANM,10015,11313
CVEGSA,10327,13194
BSTISA,10306,11239
CAOESA,10309,14150
APAER,10259,12700
CIULM,10257,14491
CCNASA,10246,11506
BSARS,10456,11229
ASHUIA,10247,13285
AFOCIA,10095,10207
CUUIA,10012,12071
AOOSM,10032,10456
AFIAS,10122,10204
AABIS,10448,10040
BADAI,10057,10681
BDROI,10287,14319
CTMLS,10433,12050
CCENS,10463,11485
JOBS,10139,12237
BIIZIA,10312,14282
BDROI,10287,10804
BPLAS,10268,14159
GABR,10354,12202
CHPISA,10255,12673
CORDIA,10488,11859
THAR,10245,13998
CNCYE,10252,13931
CUTRAA,10272,13723
CQSIRA,10053,14440
CSPAS,10276,12554
DESS,10377,12177
DYEI,10087,12181
BPAGMA,10161,11115
BNTASA,10383,11077
BCOGR,10331,10743
CTHLSA,10219,12068
BOLUA,10466,11092
ACPBI,10350,10104
CZNSIA,10295,12163
MOIS,10336,14091
CPIFIA,10322,12984
VCUA,10281,13844
CTNNIA,10279,12063
CMAGS,10454,11777
BNITSA,10303,11062
CPGUS,10326,14051
BADAI,10057,10683
CVTZI,10390,12112
CFSOS,10283,11613
CPTOS,10349,11910
BWTZI,10274,13764
CHNAS,10261,13814
BPAYIA,10271,13384
CCLEA,10324,11502
CLROM,10442,11742
BMCHI,10460,11022
BPLAS,10268,14166
CBSSIA,10325,12745
CORDIA,10488,11855
CAYNSA,10452,11406
BCOPS,10048,10772
AQINS,10316,13705
CQSIRA,10053,14437
CGSEA,10361,11642
CPGUS,10326,14055
CVNSI,10304,13556
MOIS,10336,14084
BCBUIA,10100,10767
BCBUIA,10100,10768
MOIS,10336,14093
BLUCAA,10356,10989
BDATE,10024,10790
CYRIS,10416,12144
BAORS,10291,12828
CAOESA,10309,14143
NAPU,10386,12328
AGTUSA,10430,10239
APJES,10127,10472
ALHOIA,10025,10336
CLROM,10442,11744
AVMAI,10439,10657
CSDES,10329,14117
AGKEI,10495,10223
AGTISA,10328,13254
CMHOIA,10241,13465
BOENXA,10302,13399
AAANI,10021,14338
AMOSSA,10311,13687
APTEI,10084,10522
AAAPSA,10121,10063
AFRBIA,10301,13645
SECI,10313,13062
BMTES,10106,11045
AJGOI,10115,10295
ADURS,10286,13104
BHELIA,10292,14300
AAFAIA,10263,12727
VCUA,10281,12486
ABYRAA,10318,13003
BQMAS,10222,11184
BPAGMA,10161,11117
SINO,10071,12433
AAOLE,10333,10039
AACIMA,10299,13133
AVMAI,10439,10658
LLAR,10253,13758
BPLLSA,10028,11141
CVERSA,10256,13332
OENS,10323,12863
ACPBI,10350,10100
ATES,10077,10673
CPMOAA,10278,11891
CCFFRA,10232,11482
MITS,10029,12297
CDIAIA,10315,13024
CTBAA,10300,12045
ACISS,10373,10121
CAORI,10089,11404
AMRIE,10401,10358
AEBII,10250,12590
BHSOIA,10194,10936
CYRIS,10416,12143
AICA,10360,10334
OUNS,10308,12930
BFNTAA,10320,13481
CSPAS,10276,12556
CNIAA,10305,12889
BPANIA,10342,11153
VCUA,10281,13850
AMRIE,10401,10357
BBII,10243,14075
AQINS,10316,13699
BSGGMA,10410,11231
AMLEIA,10074,10354
APULSA,10020,10482
CSDES,10329,14126
CSRASA,10063,12038
SINO,10071,12432
BSAS,10131,11293
AENBI,10277,14376
CPRUA,10193,11903
BBII,10243,14063
MARI,10389,12280
BCRNI,10337,10754
CCNASA,10246,13309
CDINRA,10475,11578
CSDES,10329,14121
CRHMIA,10027,11937
CLNUS,10264,14208
BNITSA,10303,11060
VCUA,10281,13854
DESS,10377,12176
AAFAIA,10263,12722
CGAIE,10288,13517
CMNASA,10108,11781
CVELX,10185,12088
AERRO,10182,10192
AFRBIA,10301,10212
CTBAA,10300,14193
ACIQS,10444,10115
CUTRAA,10272,13737
CIGS,10479,11375
ANTII,10363,10422
ADURS,10286,10150
CPIFIA,10322,12996
CDIAIA,10315,13033
CGAUI,10133,11636
APAMMA,10109,10540
HHRS,10440,12227
AAMMNA,10280,14239
CLLIM,10372,11751
BSTISA,10306,12771
BEMIS,10179,10856
BPENS,10348,11165
BPAUIA,10168,11123
CFCOIA,10419,11606
CSPOAA,10275,13268
CPNEI,10319,13797
BGANAA,10340,10871
CGAIE,10288,11650
BDESS,10314,10808
BLUNAA,10026,11001
DQUI,10476,12169
BHELIA,10292,14307
BCVEAA,10368,10763
BKFFIA,10078,10980
BDATE,10024,10791
CSPAS,10276,11966
AAFISA,10188,10013
AQINS,10316,13710
BBATE,10293,13637
BRIGSA,10240,13987
BBSWI,10282,12919
AAMMNA,10280,14242
CMULMA,10043,14422
BENOXA,10473,10835
AYABEA,10435,10664
CSURI,10196,11993
APAER,10259,12701
BSTISA,10306,12773
CIULM,10257,14490
KANS,10270,12251
ANASA,10165,10419
AAAPSA,10121,14391
AEBII,10250,12596
ATQUAA,10081,10642
ASHUIA,10247,13296
APEUS,10069,10494
CMHOIA,10241,13463
APAER,10259,12715
BBATE,10293,13623
VCUA,10281,13849
CQSIRA,10053,14451
AERRO,10182,10190
CNRES,10486,11828
CMTEEA,10151,11815
MOIS,10336,14095
BMONIA,10403,11044
CNCYE,10252,11822
CWEDI,10216,12130
AAFAIA,10263,12724
BPOLIA,10022,11158
BFCISA,10487,10869
ACOSI,10116,10126
BCRNI,10337,10752
CPRUA,10193,11904
RORI,10201,12401
BDOTAA,10146,10823
CMULMA,10043,14423
BIDIAA,10187,10957
ADURS,10286,13108
BRIGSA,10240,13995
APIOS,10388,10513
CMHOIA,10241,13473
MAII,10499,12275
CNIAA,10305,12880
CTIRAA,10289,12624
CQSIRA,10053,14452
BPAYIA,10271,13398
KANS,10270,12252
CLPTA,10335,13089
BCRNI,10337,13521
CHOVAA,10132,11678
THAR,10245,14014
CPIFIA,10322,11876
DQUI,10476,12167
ACMBA,10332,14024
ALYNX,10138,10348
TERI,10126,12459
AGEES,10345,10266
CCRIIA,10477,11532
CFSOS,10283,14101
NISS,10242,12334
BATRXA,10402,10695
BDESS,10314,10809
DESS,10377,12175
ABBII,10358,10091
ABYRAA,10318,13007
CSPAS,10276,12557
BAORS,10291,12837
BXOPS,10269,13584
BMAUA,10258,13363
APTEI,10084,10523
CTBAA,10300,14194
LLAR,10253,13750
CMATM,10298,12959
ABEHI,10493,10078
BHELIA,10292,14310
CABRE,10412,11349
PNGS,10083,12367
BDROI,10287,14330
AJGOI,10115,10296
BONGEA,10099,11099
ADURS,10286,13101
RGIA,10317,13871
OUNS,10308,12932
AAOLE,10333,13608
CZNSIA,10295,12574
CEIUS,10382,11599
CBCAA,10209,11464
BRDUAA,10244,12699
CCSOAA,10294,11499
AAFAIA,10263,12732
AGAUIA,10449,10254
AOKIOA,10472,10450
CLLIM,10372,11750
THAR,10245,14001
CBSSIA,10325,12751
KANS,10270,13947
BMCHI,10460,11021
PTIX,10006,12372
CLPTA,10335,13087
ADEMNA,10118,10141
CRAPT,10183,11929
AEDEIA,10262,10186
CHIS,10128,11350
CUTRAA,10272,13731
CPMOAA,10278,12659
BSULR,10228,11224
ALHOIA,10025,10338
CSDES,10329,11974
ADURS,10286,13116
AEDEIA,10262,13425
CVEGSA,10327,13183
CVNSI,10304,13540
CVERSA,10256,13322
CCZES,10285,11528
JOSI,10347,12244
CSUNI,10267,13165
BSTISA,10306,12768
CXPES,10469,12135
BDESS,10314,12974
BWTZI,10274,13762
BPLAS,10268,14164
BPETS,10266,13199
CQSIRA,10053,11922
BGNHI,10159,10904
CBSSIA,10325,12749
MITS,10029,12298
BENDIA,10144,10845
APEUS,10069,10492
CVLLA,10073,12092
CLNUS,10264,14209
CSUNI,10267,13159
BQMAS,10222,11183
CMATM,10298,12955
AENBI,10277,14372
BPLAS,10268,14163
AAMMNA,10280,14254
ACMBA,10332,14034
CGAIE,10288,13499
CDSISA,10212,11555
BBATE,10293,13620
BOENXA,10302,13411
RORI,10201,12404
ASENXA,10411,10584
AOKIOA,10472,10453
AARGEA,10409,10050
AJGOI,10115,10299
AASSS,10334,10029
AIHMSA,10207,10289
CSDES,10329,14133
BCOPS,10048,10773
AGEES,10345,10267
BPAYSA,10190,11161
BWTZI,10274,13773
AMLISA,10296,12521
BBEIA,10061,10711
ABYRAA,10318,13011
ASMBI,10037,10572
CFCOIA,10419,11605
GNWI,10036,12208
ABHEI,10153,10096
CIENSA,10135,11686
AAFAIA,10263,12723
AKEBI,10220,10305
BGIRSA,10035,10896
AAAPSA,10121,10064
ASENXA,10411,10582
CRBIAA,10227,11959
CMATM,10298,12942
CVERSA,10256,13334
CPTUS,10265,13056
CNCYE,10252,13929
BPLAS,10268,14173
BIBEAA,10160,10961
KANS,10270,13945
AARGEA,10409,10052
BNITSA,10303,13666
APEUS,10069,10491
CFSOS,10283,14115
APAER,10259,10527
CSSTA,10123,11998
BADAI,10057,10680
ACURSA,10307,10137
ATLESA,10453,10616
BAISA,10140,10692
BMRRI,10060,11051
CPIFIA,10322,12995
BTURA,10141,11281
BRTAA,10393,11212
BPANIA,10342,11151
BPAYIA,10271,13391
CPTOS,10349,11913
AMOSSA,10311,13698
SECI,10313,13070
ABBII,10358,10094
PNGS,10083,12368
BSGGMA,10410,11233
APINS,10352,10532
CHNAS,10261,11655
DQUI,10476,12166
AAFAIA,10263,10021
CEGIS,10485,11604
CDSISA,10212,11557
BDROSA,10103,10795
BVGESA,10447,11300
BXOPS,10269,11332
BDESS,10314,10806
BMAUA,10258,13367
BXOPS,10269,13595
AAAPSA,10121,14382
BPAYIA,10271,13379
BZNKIA,10330,11342
KBEA,10105,12246
NAPU,10386,12326
CZNSIA,10295,12567
BOENXA,10302,13412
GABR,10354,12204
BGANAA,10340,10870
SOTS,10297,14272
BNTASA,10383,11076
CRARI,10076,11931
BLUCAA,10356,10986
AEBII,10250,12598
CVNSI,10304,12098
CSDES,10329,14120
HTWI,10191,12215
CHPISA,10255,12668
CVEGSA,10327,13184
BCRNI,10337,13534
AMELSA,10017,10406
ADURS,10286,13113
CIULM,10257,14478
CVNSI,10304,13552
CDRAI,10111,11552
VCUA,10281,13846
CSPOAA,10275,13259
CNCYE,10252,13920
AQINS,10316,13704
BBSWI,10282,12901
CHNAS,10261,13803
CAENAA,10290,13344
AOREI,10023,10468
CCRIIA,10477,11534
AMXIAA,10467,10365
CMULMA,10043,14427
CXPES,10469,12138
CAOESA,10309,14153
AIHMSA,10207,10286
CAYNSA,10452,11408
BBATE,10293,13630
BFNTAA,10320,10860
CVEGSA,10327,13193
APJES,10127,10474
AAFAIA,10263,12726
TECS,10351,12463
CIIGSA,10420,11699
CNIAA,10305,12897
CIENSA,10135,11687
CDIAIA,10315,13036
ATES,10077,10671
CMULMA,10043,14424
AAOLE,10333,10037
BDADAA,10375,10813
NAPU,10386,12329
ACMBA,10332,10112
CPMOAA,10278,12650
CAOLEA,10362,11398
CCNASA,10246,13317
CJIAEA,10310,13962
CPLANA,10195,11899
BWTZI,10274,13778
CBNEI,10446,11443
BTMISA,10225,11278
AMCKM,10355,10377
CIDUS,10137,11693
AAMMNA,10280,10031
APTHN,10338,10502
CSPOAA,10275,13275
BBSWI,10282,12900
CHIS,10128,11354
CXPES,10469,12137
KBEA,10105,12245
AHCTIA,10397,10276
BPEGA,10059,11125
CDARI,10284,11562
VCUA,10281,12485
AAMMNA,10280,14249
BBII,10243,11287
CSURI,10196,11992
CAROAA,10339,11359
ATCASA,10341,10647
OSTS,10425,12347
CUTRAA,10272,13736
CSPOAA,10275,13260
CDIAIA,10315,13022
CPIFIA,10322,12986
AMLISA,10296,12531
TMAE,10094,12449
CJFFI,10004,11708
CSGIAA,10092,12023
CIDUS,10137,11694
CVNSI,10304,13546
CDIAIA,10315,13025
CAROAA,10339,11358
CGIES,10052,11631
CSENX,10248,13565
ASENXA,10411,10581
MNTS,10478,12311
ACMBA,10332,10110
SOTS,10297,14257
BOENXA,10302,13400
CDIAIA,10315,11566
CCHUIA,10040,11492
TECS,10351,12460
BDHIEA,10184,10827
BRAPXA,10392,11192
ABYRAA,10318,13014
BSTISA,10306,12766
CVERSA,10256,13327
TACA,10468,12468
CSGIAA,10092,12020
AAOLE,10333,13601
CCZES,10285,13156
BSTISA,10306,12767
UGWS,10176,14469
CSENX,10248,13564
CMULMA,10043,14426
ACUMS,10391,10108
ACISS,10373,10123
ATEBA,10249,12790
SOTS,10297,14264
CVERSA,10256,13335
AEDEIA,10262,13436
AAMMNA,10280,10033
CHPISA,10255,11674
CTBAA,10300,14181
BGROSA,10474,10876
CSLIEA,10030,11962
CNCYE,10252,13918
AAOLE,10333,13614
CHLIA,10104,11661
AAFAIA,10263,12739
BTICR,10070,11258
CPMOAA,10278,12656
GNWI,10036,12209
BBSWI,10282,12902
BDATE,10024,10794
BCOGR,10331,12506
AANES,10396,10002
BPETS,10266,13215
BNHOI,10451,11068
ALHOIA,10025,10339
BTLES,10461,11245
BCOGR,10331,12503
MTES,10072,12307
THAR,10245,12450
BMAUA,10258,13369
SOTS,10297,14267
SOTS,10297,14258
CNCYE,10252,13921
AGTISA,10328,13258
CAORI,10089,11402
CPNEI,10319,13798
APAER,10259,12709
BAORS,10291,12830
HLVM,10009,12224
LLAR,10253,13754
ROAI,10405,12397
OENS,10323,12877
AAMMNA,10280,14256
BHLIA,10457,10927
ATNTI,10251,10630
PERS,10381,12383
BMRRI,10060,11052
CNLKSA,10120,11837
RGIA,10317,13877
AADVIA,10482,10056
CAICA,10353,11382
OENS,10323,12870
AMLOSA,10344,10372
CFSOS,10283,11614
BNITSA,10303,13677
CDIR,10218,11852
CCZES,10285,13144
BPEGA,10059,11126
CSDES,10329,14130
AAANI,10021,10016
BDHIEA,10184,10829
CDIR,10218,11850
AAAPSA,10121,10062
BCOGR,10331,12505
AMOSSA,10311,10393
CCORIA,10162,11515
CRROI,10197,11948
CJNES,10136,11724
CCLEA,10324,11503
CSPOAA,10275,13264
AGAUIA,10449,10250
CQSIRA,10053,14448
CTNNIA,10279,12855
CMHOIA,10241,11801
CGAIE,10288,13514
BCRNI,10337,10751
CBLWIA,10384,11431
CEIUS,10382,11597
BNITSA,10303,13662
CSLIEA,10030,11964
UGWS,10176,12478
CLPTA,10335,13088
BXOPS,10269,13590
BCRNI,10337,13536
CPMOAA,10278,12653
AAAPSA,10121,14392
CMULMA,10043,11765
BTICR,10070,11257
BBATE,10293,13627
ACURSA,10307,13229
CUTRAA,10272,13721
AABIS,10448,14235
CMATM,10298,12944
ATEBA,10249,12796
BBII,10243,14072
ABBII,10358,10090
BMAUA,10258,11012
CLNUS,10264,14216
CGAIE,10288,13500
AGTISA,10328,13247
AFMOA,10421,10215
CCDAS,10086,11521
ATEBA,10249,12783
BNTHI,10431,11074
AENBI,10277,14366
CLPTA,10335,13082
CKNSIA,10155,11730
CAOESA,10309,11385
ABYRAA,10318,13010
BTMISA,10225,11279
CZNSIA,10295,12577
CSMUSA,10233,12004
ATSASA,10097,10613
APYKS,10429,10515
AAOLE,10333,13618
CMULMA,10043,14430
OENS,10323,12360
BJULS,10152,10977
CDANEA,10438,11589
BXOPS,10269,13585
AAFAIA,10263,10020
CCSOAA,10294,13442
BRIGSA,10240,13990
BEEGS,10407,10844
CJIAEA,10310,13977
BCRNI,10337,13537
TERI,10126,12457
CFSOS,10283,14106
CBNEI,10446,11441
RNBI,10065,12409
CVIROA,10154,12106
CPGUS,10326,14049
CIULM,10257,11702
CUTRAA,10272,12076
BHNPNA,10143,10932
CQSIRA,10053,14441
CRAPT,10183,11928
AAANI,10021,14354
AKEBI,10220,10308
CCORIA,10162,11518
BNTASA,10383,11079
CVELX,10185,12085
ANNUS,10464,10413
BRDUAA,10244,11199
CDIAIA,10315,13028
AQINS,10316,13717
AMRIE,10401,10356
AGTISA,10328,13253
APAER,10259,12703
CSUNI,10267,11984
BQESR,10237,11188
CPIFIA,10322,11875
BFCISA,10487,10868
BXOPS,10269,13593
CRUSR,10238,11952
AEDEIA,10262,10185
CCRIIA,10477,11530
BCOGR,10331,12508
SECI,10313,13061
SECI,10313,13078
CCNASA,10246,11509
CCSOAA,10294,13450
AAANI,10021,14345
CLPTA,10335,13093
CUTRAA,10272,13732
BIBEAA,10160,10963
ASILAA,10113,10604
CZNSIA,10295,12576
ASMBI,10037,10570
BRIGSA,10240,13989
CPNEI,10319,13792
BDROI,10287,10801
CIENSA,10135,11685
AAANI,10021,14351
BORIIA,10079,11102
ASHUIA,10247,13298
AGBAS,10273,13908
CLPTA,10335,11747
CSTTA,10148,12031
AAMMNA,10280,14248
CZNSIA,10295,12571
FNQI,10170,12192
SOTS,10297,14262
GNWI,10036,12206
BQESR,10237,11189
CNRES,10486,11826
BCIGAA,10198,10722
ACISS,10373,10122
CCENMA,10346,11536
CKHOAA,10224,11726
CCNASA,10246,13301
CVTZI,10390,12111
CYRIS,10416,12140
ROBS,10441,12386
BSTISA,10306,12761
BJONA,10424,10970
TACA,10468,12465
CPNEI,10319,11873
ATSASA,10097,10611
CAOESA,10309,14137
BGOVI,10414,10880
CPTUS,10265,13057
BNITS,10443,11059
BHNPNA,10143,10933
BMONIA,10403,11041
CPLMI,10150,11865
MITS,10029,12295
AEBII,10250,12583
CQSIRA,10053,11923
CMATM,10298,12958
AFRBIA,10301,13648
CTIRAA,10289,12059
CBNIIA,10042,11459
AENBI,10277,14363
APAMMA,10109,10543
CRHMIA,10027,11936
CVEGSA,10327,13191
BRTAA,10393,11213
ATNTI,10251,12814
BSTISA,10306,12763
CCLEA,10324,11504
AMLISA,10296,10385
CCZES,10285,13157
CSPOAA,10275,13266
CBLUIA,10436,11439
CPTUS,10265,13041
CPMOAA,10278,12647
OENS,10323,12861
BPETS,10266,11110
BFCISA,10487,10866
CAYNSA,10452,11407
APTHN,10338,10503
AANES,10396,10000
GABR,10354,12201
BGICS,10483,10890
CTIPSA,10371,12042
CHPISA,10255,12665
CZNSIA,10295,12160
AAMMNA,10280,10030
CZNSIA,10295,12562
ZUDI,10208,12498
BBATE,10293,13631
AAOLE,10333,13612
BCOGR,10331,12504
NISS,10242,12333
ACUMS,10391,10105
BRIGSA,10240,13986
CSDES,10329,14132
RNBI,10065,12407
BFNTAA,10320,13496
BRIGSA,10240,13983
BDOTAA,10146,10820
CGAIE,10288,13511
AMOSSA,10311,13689
CMHOIA,10241,11802
CFSOS,10283,11612
APNDA,10055,10479
CSDES,10329,11972
BHRMIA,10230,10923
BTAUMA,10214,11243
CBLWIA,10384,11433
AMLISA,10296,12536
CTIRAA,10289,12636
CDSASA,10080,11584
AIULM,10181,10281
THAR,10245,14015
BMDWIA,10426,11031
BDESS,10314,12964
ADHIE,10498,10167
AEBII,10250,10172
CSLIEA,10030,11960
ADECSA,10174,10163
CKANS,10450,11735
BAORS,10291,12839
BTCOR,10062,11261
AABIS,10448,14228
CSDES,10329,14127
CFSOS,10283,14109
BPLAS,10268,14157
BPAYIA,10271,13387
CCNASA,10246,13316
CSPOAA,10275,12005
OUNS,10308,12928
CHNPNA,10374,11665
CPGUS,10326,11861
BSTISA,10306,12779
AARES,10480,10067
CDIR,10218,11851
CCLEA,10324,13832
CFLOAA,10254,13887
CLNUS,10264,14198
BPETS,10266,13203
AARES,10480,10066
BPTUS,10206,11175
CRROI,10197,11945
CZONS,10260,12159
CSPOAA,10275,13271
CSUNI,10267,13177
APYKS,10429,10518
CBSSIA,10325,12743
CBTTS,10385,11449
CVEGSA,10327,12081
ACURSA,10307,13231
AAANI,10021,10019
ATEBA,10249,12794
AAANI,10021,14350
AAANI,10021,10017
ANTII,10363,10421
CTNNIA,10279,12847
AQINS,10316,13707
BBSWI,10282,12908
BDESS,10314,12977
ACURSA,10307,13235
SRVL,10049,12429
ALAGIA,10217,10323
AHMOIA,10041,14404
BVEGS,10180,11298
BSTISA,10306,12769
AYABEA,10435,10660
AEDEIA,10262,13419
ASMBI,10037,10573
BCIGAA,10198,10720
AAAPSA,10121,14383
BMCHI,10460,11024
BMAUA,10258,13362
BBATE,10293,10705
AAMMNA,10280,10032
CPTUS,10265,11905
AFIAS,10122,10200
CMHOIA,10241,13462
BPALSA,10110,11132
AJGOI,10115,10298
CDARI,10284,11564
BCRNI,10337,13522
CAENAA,10290,13348
CBADA,10497,11426
BCTRAA,10367,10788
RGIA,10317,12394
AGBAS,10273,13903
CIULM,10257,14477
AOLE,10321,10437
AGERAA,10124,10260
KANS,10270,13950
CHNPNA,10374,11666
ARTJS,10239,10560
CBLWIA,10384,11432
APJES,10127,10473
CRARS,10156,11942
BLUCAA,10356,10987
CMATM,10298,12953
BBII,10243,14067
BJONA,10424,10974
KANS,10270,13938
APAMMA,10109,10542
AFRBIA,10301,13644
CLTRSA,10459,11761
CLNUS,10264,14204
ATEBA,10249,12792
AAOLE,10333,13613
CNIAA,10305,12888
CVEGSA,10327,13188
AMLISA,10296,12520
JOBS,10139,12236
CPGUS,10326,11863
CNRES,10486,11825
CCZES,10285,13139
BIIZIA,10312,14284
BJULS,10152,10975
CFLOAA,10254,13888
CMANXA,10046,11794
AMOSSA,10311,13680
BYARS,10213,11335
BVLLA,10066,11308
CSPOAA,10275,13261
BPAYIA,10271,13392
AIATIA,10075,10290
ADHIE,10498,10165
BCTRAA,10367,10786
CAICA,10353,11381
BCRNI,10337,10750
APAER,10259,12705
CIULM,10257,14483
CMLLIA,10163,11809
CDLIIA,10192,11542
VCUA,10281,13855
LLAR,10253,13745
MARI,10389,12282
BYARS,10213,11337
CUTRAA,10272,13726
BOMES,10001,11105
CSPAS,10276,12553
CPENSA,10093,11882
CDIAIA,10315,13034
CTBAA,10300,14177
AGULI,10008,10242
CDERIA,10130,11571
CTNNIA,10279,12842
ABICA,10202,10082
BMAUA,10258,11011
CMAGS,10454,11778
CHLIA,10104,11664
MHTS,10098,12289
ANASA,10165,10417
BPETS,10266,13210
CHNAS,10261,13809
BMAUA,10258,13373
AUSIS,10471,10653
BNTASA,10383,11078
AGERAA,10124,10264
AQINS,10316,10549
BBEIA,10061,10713
CTIRAA,10289,12632
AEBII,10250,10173
CGIES,10052,11632
ABYRAA,10318,13019
AGTUSA,10430,10237
CPGUS,10326,11862
BWTZI,10274,13765
CPIFIA,10322,12981
BPLLSA,10028,11143
AABIS,10448,14222
BAORS,10291,12833
CCHUIA,10040,11490
BCIGAA,10198,10721
CAENAA,10290,11416
ATES,10077,10674
BORIIA,10079,11100
CEGIS,10485,11601
CCFFRA,10232,11481
BCRNI,10337,13528
BAORS,10291,12838
SFOI,10428,12414
AMLISA,10296,12529
PTIX,10006,12370
AIULM,10181,10284
AABIS,10448,14234
BOMES,10001,11108
CHOVAA,10132,11679
OANI,10418,12358
BCRNI,10337,13524
BBSWI,10282,12915
ALOGRA,10056,10340
CJIAEA,10310,13969
BRDI,10177,10946
CBEAI,10010,11454
BWTZI,10274,13763
BNITSA,10303,13665
BPAYIA,10271,11135
BPAYIA,10271,13390
AOATAA,10462,10444
APAER,10259,12712
VLLR,10359,12484
BDIDA,10173,10819
AABIS,10448,14230
CBSSIA,10325,12755
BRIGSA,10240,13984
ARPIA,10114,10553
CCWFIA,10018,11513
CGSESA,10186,11648
APAER,10259,10529
CJNSI,10357,11712
CIDUS,10137,11690
AEDEIA,10262,13429
BLCASA,10007,10993
ANASA,10165,10415
CSPOAA,10275,12008
CCWFIA,10018,11510
CNCYE,10252,13935
CPMOAA,10278,12658
CVIROA,10154,12109
CLPTA,10335,11748
AABIS,10448,14220
BCYPS,10494,10779
AMLISA,10296,12525
CAOESA,10309,14145
ABEHI,10493,10077
AFRBIA,10301,13655
AABIS,10448,14229
BIIZIA,10312,14283
KANS,10270,13956
AEDEIA,10262,13434
MAII,10499,12277
AAAPSA,10121,10060
AABIS,10448,14219
CCWFIA,10018,11511
CMULMA,10043,11767
CPIFIA,10322,12980
CPMOAA,10278,12652
CSUNI,10267,13163
CQICSA,10166,11915
CPENSA,10093,11880
GEAA,10226,12196
BGNHI,10159,10901
RGIA,10317,12392
CLNUS,10264,14205
BCOGR,10331,12517
BSGGMA,10410,11230
ANTII,10363,10423
SDIS,10413,12438
BPENS,10348,11169
BIIZIA,10312,14293
MOIS,10336,14077
BRDUAA,10244,12684
GOUS,10016,12210
AKLIEA,10210,10313
JOSI,10347,12241
BVANM,10015,11311
AENBI,10277,14359
BBATE,10293,13633
CMATM,10298,12941
ALYNX,10138,10347
ATEBA,10249,12785
BFNTAA,10320,13482
BMAUA,10258,13370
BNTASA,10383,11075
CDIAIA,10315,13032
CBNEI,10446,11440
CDERIA,10130,11573
CSDES,10329,11970
BCINS,10019,10729
CQSIRA,10053,14444
BDROSA,10103,10797
CSSTA,10123,11997
CTIRAA,10289,12634
ANPPN,10164,10433
AMCKM,10355,10376
CWEDI,10216,12134
BCRNI,10337,13520
CCNASA,10246,13311
ATALAA,10455,10626
CMULMA,10043,14431
MOIS,10336,14079
CBLLIA,10234,11471
BCRNIA,10134,10756
BBII,10243,11289
ADURS,10286,10154
AAMMNA,10280,14244
SOTS,10297,12423
CNLKSA,10120,11839
CMHOIA,10241,13467
BFNTAA,10320,13487
BCRNI,10337,13526
CJIAEA,10310,11718
CGAUI,10133,11635
BDROI,10287,14324
UGWS,10176,14461
BTMISA,10225,11276
AKLIEA,10210,10310
CSENX,10248,13578
MHOI,10058,12300
BPLLSA,10028,11142
CRARS,10156,11941
AGBAS,10273,10232
BBATE,10293,10709
BSULR,10228,11223
BPLAS,10268,14167
BOLUA,10466,11093
BBII,10243,14057
AKEBI,10220,10307
CLPTA,10335,13095
CCZES,10285,13150
BQESR,10237,11187
BRSSIA,10051,11200
AABIS,10448,10041
CUUIA,10012,12072
BGNHI,10159,10903
AAOLE,10333,13611
AACIMA,10299,13124
CHPISA,10255,12676
AMLISA,10296,10387
CDIAIA,10315,13023
BBSWI,10282,12916
BGANAA,10340,10873
CABRE,10412,11348
AOLE,10321,12602
SFOI,10428,12413
CGAIE,10288,11651
AUSIS,10471,10652
APINS,10352,10533
BGNHI,10159,10900
BFNTAA,10320,13491
ACMBA,10332,14019
CHNAS,10261,13804
BPAYSA,10190,11162
PERS,10381,12384
VCUA,10281,13852
CUTRAA,10272,12078
CGAIE,10288,11654
CSPAS,10276,12552
BISN,10096,10969
BPTII,10365,11147
CNIAA,10305,12883
AOLE,10321,12617
CJFFI,10004,11705
ASRVL,10369,10586
BBADA,10496,10700
CLNUS,10264,14215
AGISAA,10054,10259
BPETS,10266,13202
LLAR,10253,12269
CYNGI,10011,12147
CBSSIA,10325,12747
CSPOAA,10275,13277
AEDEIA,10262,13423
VCUA,10281,12489
ABYRAA,10318,13008
ICAS,10394,12233
CAENAA,10290,13351
CAANIA,10229,11367
AMOSSA,10311,10390
CIDUS,10137,11692
CXPES,10469,12139
CZNSIA,10295,12563
AGERAA,10124,10261
CJIAEA,10310,13971
AFMEM,10172,10197
CSETS,10171,12014
SECI,10313,13068
ABHEI,10153,10099
AMOSSA,10311,13679
CGSEA,10361,11643
CTIRAA,10289,12629
BPAYSA,10190,11164
MHTS,10098,12285
CHNAS,10261,13799
BPLAS,10268,14171
AFRBIA,10301,13643
CVNSI,10304,13542
AEDEIA,10262,13433
CMTEEA,10151,11818
AOLE,10321,10435
CQSIRA,10053,14443
CSMUSA,10233,12003
CADIM,10000,11394
THAR,10245,14006
CRHMIA,10027,11938
CBCAA,10209,11463
CAANIA,10229,11369
AMLEIA,10074,10352
AACIMA,10299,13132
CAOESA,10309,14144
CFLOAA,10254,13896
CTNNIA,10279,12857
BOENXA,10302,13405
CSSOS,10178,12018
ACOSI,10116,10129
MOIS,10336,12321
AIATIA,10075,10292
BEEGS,10407,10842
AGTISA,10328,13250
MARI,10389,12284
CVERSA,10256,13329
AZUDIA,10014,10667
BDHIEA,10184,10825
CVIROA,10154,12107
CRUSR,10238,11953
CVERSA,10256,12102
AGISAA,10054,10255
CZNSIA,10295,12578
AJANAA,10465,10300
CZNSIA,10295,12561
CNCYE,10252,11824
BHELIA,10292,14308
APOES,10203,10535
BSARS,10456,11227
BATRXA,10402,10697
ARDLI,10215,10559
BPETS,10266,13214
ATCASA,10341,10649
BPAUIA,10168,11121
AEBII,10250,10170
CSPOAA,10275,13267
CVERSA,10256,13337
CEIUS,10382,11596
AFOCIA,10095,10209
BPENS,10348,11168
AGBAS,10273,13906
BTURA,10141,11284
BSGGMA,10410,11232
KANS,10270,13953
ATEBA,10249,12798
CQICSA,10166,11916
AOOSM,10032,10457
BTLES,10461,11247
CAENAA,10290,13350
BRDUAA,10244,12688
AAFAIA,10263,12734
AAOLE,10333,10038
BMXIA,10145,11018
AARES,10480,10068
CMHOIA,10241,13478
CMANXA,10046,11791
BISN,10096,10966
CCORIA,10162,11519
ADEMNA,10118,10143
CHNAS,10261,13805
CSBASA,10119,12026
ABHEI,10153,10097
ROAI,10405,12399
CPMOAA,10278,12640
CFLOAA,10254,13894
KANS,10270,13952
BXOPS,10269,13583
BIIZIA,10312,14277
LLAR,10253,13743
CMNNEA,10047,11799
CMATM,10298,12956
NEGS,10175,12336
ALIDS,10211,10319
AENBI,10277,14373
CCZES,10285,13140
LLAR,10253,12266
APAER,10259,12717
CVLPS,10013,12121
KANS,10270,13951
AEBII,10250,10174
ANASA,10165,10418
BJONA,10424,10971
BATRXA,10402,10698
ALIDS,10211,10316
BHELIA,10292,14306
CBTTS,10385,11446
THAR,10245,14011
CPNEI,10319,13787
BBII,10243,14065
AEBII,10250,12586
ACURSA,10307,10136
BPAYIA,10271,13397
CPONSA,10167,11885
CGIES,10052,11630
ABOCIA,10423,10088
VCUA,10281,13842
ABOCIA,10423,10086
CMHOIA,10241,13477
CTNNIA,10279,12841
AOVIIA,10434,10445
BEMIS,10179,10857
THAR,10245,14002
BAORS,10291,10687
BMAUA,10258,13371
ATKEAA,10050,10639
CCDAS,10086,11520
BJULS,10152,10976
CPNEI,10319,13790
AADVIA,10482,10055
BATE,10395,10834
OENS,10323,12872
RGIA,10317,12390
BCVEAA,10368,10761
BPETS,10266,13217
CFLOAA,10254,13884
CUTRAA,10272,13730
AARGEA,10409,10054
CMTEEA,10151,11817
CNIAA,10305,12891
CSUNI,10267,11981
CIIGSA,10420,11698
ACIQS,10444,10118
CTNNIA,10279,12061
ACURSA,10307,10138
BCOGR,10331,12519
ASHUIA,10247,13295
APEUS,10069,10493
ACURSA,10307,13222
SMBI,10102,12419
AMLOSA,10344,10371
BOENXA,10302,13402
BMXIA,10145,11015
CPGUS,10326,14044
ANULS,10400,10425
BVGESA,10447,11302
BCSIA,10406,10783
BOENXA,10302,13410
BDIDA,10173,10816
BTAUMA,10214,11244
CAICA,10353,11383
CJIAEA,10310,13960
CPGUS,10326,14056
AGTISA,10328,13246
BPAYIA,10271,13396
BNITS,10443,11056
BOLUA,10466,11091
CBEAI,10010,11452
BBII,10243,14058
BDROI,10287,10800
CPTUS,10265,11906
BCINS,10019,10725
CFSOS,10283,14113
BBII,10243,14066
CSBASA,10119,12027
CDANEA,10438,11586
CSDES,10329,14131
BJONA,10424,10973
AFRBIA,10301,13642
CPGUS,10326,14054
VCUA,10281,13856
BMAUA,10258,13376
ADHIE,10498,10169
THAR,10245,12452
LLAR,10253,13744
BFNTAA,10320,13484
APTEI,10084,10520
AFRBIA,10301,13653
CJFFI,10004,11707
BRIGSA,10240,13980
AGISAA,10054,10258
CPIFIA,10322,12991
CMHOIA,10241,13468
ACISS,10373,10124
CFSOS,10283,14111
BPLAS,10268,14160
GOUS,10016,12213
BPAYIA,10271,11138
CIULM,10257,14493
BSTISA,10306,12777
APAMMA,10109,10541
CMATM,10298,11814
TNCS,10125,12473
BBII,10243,14059
BGROSA,10474,10879
BBADA,10496,10704
CFLOAA,10254,13881
BFNTAA,10320,13486
AFRBIA,10301,13650
CNIAA,10305,11831
AACIMA,10299,13131
CCZES,10285,13142
BFNTAA,10320,10861
CSPAS,10276,12543
BLCASA,10007,10990
BPEGA,10059,11127
BPAYIA,10271,13383
CPNEI,10319,13780
VLLR,10359,12483
CPIFIA,10322,12992
CDUCI,10067,11594
ARPIA,10114,10550
BBSWI,10282,12913
CDINRA,10475,11579
AMLLHA,10491,10402
ARTJS,10239,10561
BOMES,10001,11106
AAANI,10021,10018
CMHOIA,10241,13470
CMHOIA,10241,13475
CPENSA,10093,11884
BLCASA,10007,10991
BGNNI,10489,10918
CINISA,10085,11682
AGTISA,10328,10247
AGTUSA,10430,10238
BBSWI,10282,12917
CLLIM,10372,11754
CSPAS,10276,12541
AHMOIA,10041,14401
PTIX,10006,12373
ABOCIA,10423,10085
CAOLEA,10362,11395
FICA,10031,12187
BCISIA,10091,10739
SECI,10313,12442
BEMIS,10179,10858
CAICA,10353,11380
BOENXA,10302,13407
CCLEA,10324,13825
CZNSIA,10295,12564
BMONIA,10403,11040
MARI,10389,12281
AARGEA,10409,10051
AEBII,10250,12580
CDUCI,10067,11591
CCLEA,10324,13826
MARI,10389,12283
ASHUIA,10247,13280
ATEBA,10249,12788
CPIFIA,10322,12998
AGISAA,10054,10256
ALLI,10399,10182
BBSWI,10282,12906
CMULMA,10043,14420
APOES,10203,10539
BFNTAA,10320,10864
CSTTA,10148,12033
CJIAEA,10310,11716
AFMOA,10421,10217
OENS,10323,12362
CTBAA,10300,12048
CCNASA,10246,13308
AENBI,10277,10178
CGSEA,10361,11640
CKHOAA,10224,11725
LLAR,10253,13741
CTIRAA,10289,12637
CMATM,10298,12948
BTRCAA,10101,11274
BBSWI,10282,12918
BMDWIA,10426,11034
AAFAIA,10263,10024
CGAIE,10288,13509
CPRUA,10193,11900
CSURI,10196,11990
JOBS,10139,12235
OANI,10418,12359
CPNEI,10319,13785
BSULR,10228,11221
ATNTI,10251,12812
AMOSSA,10311,13688
BLUPS,10427,11009
ALAGIA,10217,10320
CMNNEA,10047,11795
CHNAS,10261,13802
ALOGRA,10056,10342
BPALSA,10110,11134
AOATAA,10462,10440
AEBII,10250,12585
BWTZI,10274,11324
AFRBIA,10301,10213
BSTISA,10306,12772
ACURSA,10307,13233
WMMI,10038,12494
RGIA,10317,13863
AOOSM,10032,10458
CTNNIA,10279,12849
BGEESA,10107,10912
RGIA,10317,13873
SRVL,10049,12428
AYABEA,10435,10662
CCSOAA,10294,11497
KEBI,10404,12256
CMULMA,10043,14435
CVERSA,10256,12100
AAAPSA,10121,14379
AOLE,10321,12619
AACIMA,10299,13120
BHMI,10142,10675
ATCASA,10341,10646
AGEES,10345,10269
ABICA,10202,10084
FNQI,10170,12191
ABHEI,10153,10095
AMOSSA,10311,13697
OUNS,10308,12935
AGBAS,10273,13915
CHPISA,10255,12679
CVEGSA,10327,13192
CSDES,10329,14135
AEBII,10250,12584
MHOI,10058,12304
APTEI,10084,10524
CNIAA,10305,12885
ARPIA,10114,10554
AARES,10480,10069
BEUIS,10387,10850
BDROI,10287,14318
CDIAIA,10315,13020
CHPISA,10255,12662
BLCASA,10007,10992
AABIS,10448,14232
AMXIAA,10467,10366
CVEGSA,10327,13197
BMAUA,10258,11010
BONGEA,10099,11096
CCSOAA,10294,13456
BCYPS,10494,10776
CTNNIA,10279,12848
ANNUS,10464,10410
AEDEIA,10262,13421
CMAGS,10454,11775
CDANEA,10438,11587
BCOPS,10048,10771
SRVL,10049,12427
SECI,10313,13076
AAMMNA,10280,10034
ACMBA,10332,14026
CMXIA,10200,11788
BPAGMA,10161,11118
CIULM,10257,14482
CTBAA,10300,14195
CMTEEA,10151,11816
AQINS,10316,13709
CCSOAA,10294,13455
BCRNI,10337,13519
BGEESA,10107,10913
CBSSIA,10325,12753
CGAMY,10204,11626
WMMI,10038,12490
ADURS,10286,13100
BAORS,10291,12831
CQICSA,10166,11917
AOLE,10321,10438
BOENXA,10302,13404
BBSWI,10282,10718
CTIRAA,10289,12628
CFLOAA,10254,13891
ADHIE,10498,10166
CDINRA,10475,11576
CBSSIA,10325,12756
CFSOS,10283,14102
AAFAIA,10263,12735
BWTZI,10274,13774
CJIAEA,10310,13967
BRIGSA,10240,13981
CFSOS,10283,14099
CSENX,10248,11986
OENS,10323,12867
MIRA,10189,12292
CHNPNA,10374,11668
ASARS,10090,10597
AACIMA,10299,10046
CPGUS,10326,14045
AOLE,10321,12607
CVNSI,10304,13541
OENS,10323,12868
ADURS,10286,13118
AMOSSA,10311,13691
CHNAS,10261,11659
CHNAS,10261,13818
CPLANA,10195,11895
AEBII,10250,12594
CNCYE,10252,13925
ADURS,10286,10153
BIIZIA,10312,14289
CYNGI,10011,12148
BEEGS,10407,10843
CFCOIA,10419,11608
BJONA,10424,10972
AOLE,10321,12609
ASTIAA,10417,10569
BEUIS,10387,10852
ADURS,10286,13110
BMDWIA,10426,11033
CAORI,10089,11401
CTIRAA,10289,12638
BDADAA,10375,10814
AOLE,10321,12601
BRDUAA,10244,12683
CSPOAA,10275,12006
CPGUS,10326,14052
CPRUA,10193,11902
BAISA,10140,10694
CDELS,10437,11549
KBEA,10105,12249
CCLEA,10324,13824
CSPOAA,10275,13274
SECI,10313,13073
BFNTAA,10320,13483
AACIMA,10299,13128
BMCHI,10460,11023
BPAYSA,10190,11163
CRBIAA,10227,11955
THAR,10245,14012
BPALSA,10110,11133
CFLOAA,10254,13895
CPNEI,10319,11872
BNITSA,10303,13659
WMMI,10038,12491
CPMOAA,10278,12643
CADIM,10000,11391
AEBII,10250,12597
BLUDAA,10378,10995
AAOLE,10333,13599
CPIFIA,10322,11878
BDESS,10314,12975
CCSOAA,10294,13447
CAOLEA,10362,11396
AFRBIA,10301,10214
UGWS,10176,14468
CAOESA,10309,14141
AGULI,10008,10243
TECS,10351,12464
OUNS,10308,12929
AHYA,10235,10495
BMTES,10106,11049
BZNKIA,10330,11344
CEGIS,10485,11600
AEDEIA,10262,13430
TMAE,10094,12446
BMAUA,10258,13377
CSUNI,10267,13160
CCRIIA,10477,11531
ASTIAA,10417,10567
KEBI,10404,12259
CNIAA,10305,12898
AOLE,10321,12614
CBSSIA,10325,12740
BRDUAA,10244,12696
BTELMA,10370,11250
ALOGRA,10056,10341
BHRMIA,10230,10920
CPTUS,10265,13053
BCINS,10019,10726
CVELX,10185,12087
CVLLA,10073,12091
CVERSA,10256,13325
BMAUA,10258,13375
BMONIA,10403,11042
TERI,10126,12455
BGUFSA,10034,10908
ABICA,10202,10083
WMMI,10038,12493
BPANIA,10342,11154
APULSA,10020,10481
AGTISA,10328,13257
BTRCA,10221,11268
CGIES,10052,11634
ATSASA,10097,10612
BXOPS,10269,13592
CZNKI,10003,12150
BPETS,10266,13206
CLPTA,10335,13085
AEBII,10250,10171
PTIX,10006,12371
BHELIA,10292,14298
CZONS,10260,12158
CLPTA,10335,13098
LLAR,10253,13753
BDROI,10287,14335
CLNUS,10264,11756
PLAN,10408,12379
AGBAS,10273,13907
SOTS,10297,14268
APEUS,10069,10490
CVEGSA,10327,12084
AQINS,10316,13713
OUNS,10308,12923
ASARS,10090,10598
CHNAS,10261,13813
BMTES,10106,11047
CSPAS,10276,12542
CAENAA,10290,13342
ACPBI,10350,10101
APULSA,10020,10483
CCENMA,10346,11539
BSTISA,10306,11235
BBADA,10496,10702
BIBEAA,10160,10962
CCDAS,10086,11524
BRDI,10177,10947
CBNEI,10446,11442
CCLEA,10324,13837
AAFISA,10188,10014
BXOPS,10269,13588
ATNTI,10251,10631
LOTM,10415,12263
CCNASA,10246,13312
CSDES,10329,14123
CRROI,10197,11946
ASHUIA,10247,13282
BPEGA,10059,11128
CNIAA,10305,11833
SDIS,10413,12435
CTBAA,10300,14179
ASHUIA,10247,10575
ABYRAA,10318,13012
THAR,10245,14008
AHYA,10235,10497
CGAIE,10288,13504
CBNIIA,10042,11457
CPIFIA,10322,12999
CSPOAA,10275,13263
CJIAEA,10310,13958
AZUDIA,10014,10669
CLPTA,10335,13091
CDARI,10284,11561
CNCYE,10252,13927
CTIPSA,10371,12044
CNLKSA,10120,11835
CLPTA,10335,13084
CAANIA,10229,11368
CPMOAA,10278,12646
SINO,10071,12434
VCUA,10281,13853
CTIRAA,10289,12625
CPTUS,10265,13045
APJES,10127,10470
CTBAA,10300,14191
CPNEI,10319,11874
CLPTA,10335,13083
AUSIS,10471,10651
CJNES,10136,11722
CAOESA,10309,11386
BPLAS,10268,14175
AAANI,10021,14353
CEGIS,10485,11603
CSUNI,10267,11983
CMULMA,10043,14418
AAANI,10021,14339
ARTJS,10239,10563
ABYRAA,10318,10073
CCLEA,10324,11500
CPTOS,10349,11914
CVLPS,10013,12122
CHLIA,10104,11663
BHELIA,10292,14305
BPAYIA,10271,11136
AIULM,10181,10282
CZNSIA,10295,12162
AHMOIA,10041,14409
ROBS,10441,12389
CINISA,10085,11683
BDADAA,10375,10811
ASAPI,10422,10591
ATNTI,10251,12804
BDROI,10287,14323
CCZES,10285,13145
CZNKI,10003,12152
CGSESA,10186,11645
AZUDIA,10014,10668
CQSIRA,10053,11920
ASILAA,10113,10603
CMHOIA,10241,13466
AENBI,10277,14357
BATE,10395,10833
CTHLSA,10219,12065
BBATE,10293,10708
TERI,10126,12456
CPMOAA,10278,11890
CLPTA,10335,11746
BPETS,10266,13208
ATLESA,10453,10617
BPLAS,10268,14161
ACURSA,10307,13224
BTICR,10070,11259
BBATE,10293,13622
CBLLIA,10234,11472
ABEHI,10493,10076
BGANAA,10340,10872
AAAPSA,10121,14396
OUNS,10308,12926
BAORS,10291,10689
SECI,10313,13074
AEDEIA,10262,10188
MIRA,10189,12290
AIHMSA,10207,10288
CMULMA,10043,14419
CVTZI,10390,12114
AHCTIA,10397,10279
AFRBIA,10301,13641
APOEI,10205,10508
KANS,10270,13955
BBII,10243,14071
